vendor_id,vendor_name,category,item_name,price,available
1,EVERGREEN,BIRIYANI,CHICKEN BIRIYANI,100,TRUE
1,EVERGREEN,BIRIYANI,SPL. BIRIYANI,140,TRUE
1,EVERGREEN,BIRIYANI,EGG BIRIYANI,90,TRUE
1,EVERGREEN,BIRIYANI,VEG PULAO,100,TRUE
1,EVERGREEN,TANDOORI,TANDOORI CHICKEN (FULL),370,TRUE
1,EVERGREEN,TANDOORI,TANDOORI CHICKEN (HALF),190,TRUE
1,EVERGREEN,TANDOORI,TANGRI KABAB  (2 pcs),140,TRUE
1,EVERGREEN,TANDOORI,PANNER TIKKA (6 pcs),120,TRUE
1,EVERGREEN,RICE NOODLES/PASTA,EGG FRIED RICE/NOODLES/PASTA,80,TRUE
1,EVERGREEN,RICE NOODLES/PASTA,VEG FRIED RICE/NOODLES/PASTA,70,TRUE
1,EVERGREEN,RICE NOODLES/PASTA,PRAWN FRIED RICE/NOODLES/PASTA,120,TRUE
1,EVERGREEN,RICE NOODLES/PASTA,GOBI FRIED RICE/NOODLES/PASTA,90,TRUE
1,EVERGREEN,SPECIAL VEG ROLL,ROYAL VEG ROLL,50,TRUE
1,EVERGREEN,SPECIAL VEG ROLL,VEH MANCHURIAN ROLL,70,TRUE
1,EVERGREEN,SPECIAL VEG ROLL,BABY CORN MANCHURIAN ROLL,80,TRUE
1,EVERGREEN,SPECIAL VEG ROLL,CHILLY ALOO ROLL,80,TRUE
2,S.R. CHAT CORNER,SANDWICH,CHICKEN SANDWICH,60,TRUE
2,S.R. CHAT CORNER,SANDWICH,PANEER SANDWICH,60,TRUE
2,S.R. CHAT CORNER,SANDWICH,ALOO SANDWICH,50,TRUE
2,S.R. CHAT CORNER,SANDWICH,DOUBLE CHEESE SANDWICH,60,TRUE
2,S.R. CHAT CORNER,CHAT ITEMS,SAMOSA CHAT,50,TRUE
2,S.R. CHAT CORNER,CHAT ITEMS,PAPDI CHAT,50,TRUE
2,S.R. CHAT CORNER,CHAT ITEMS,ALOO CHAT,50,TRUE
2,S.R. CHAT CORNER,CHAT ITEMS,BHEL PURI,50,TRUE
2,S.R. CHAT CORNER,MOMOS,VEG MOMO STEAM,70,TRUE
2,S.R. CHAT CORNER,MOMOS,VEG MOMO FRIED,80,TRUE
2,S.R. CHAT CORNER,MOMOS,CHICKEN MOMO STEAM,80,TRUE
2,S.R. CHAT CORNER,MOMOS,CHICKEN MOMO FRIED,100,TRUE
2,S.R. CHAT CORNER,MAGGI,CHICKEN MAGGI,60,TRUE
2,S.R. CHAT CORNER,MAGGI,EGG MAGGI,50,TRUE
2,S.R. CHAT CORNER,MAGGI,VEG MAGGI,40,TRUE
2,S.R. CHAT CORNER,MAGGI,PLAIN MAGGI,30,TRUE
3,YURISH FOOD,LEMON DHAMAKA,LEMON SODA(REGULAR),25,TRUE
3,YURISH FOOD,LEMON DHAMAKA,LEMON SODE(JUMBO),50,TRUE
3,YURISH FOOD,LEMON DHAMAKA,JALJEERA LEMON (REGULAR),20,TRUE
3,YURISH FOOD,LEMON DHAMAKA,JALJEERA LEMON (JUMBO),40,TRUE
3,YURISH FOOD,FRUIT SHAKES,MANGO SHAKE (REGULAR),50,TRUE
3,YURISH FOOD,FRUIT SHAKES,MANGO SHAKE (JUMBO),100,TRUE
3,YURISH FOOD,FRUIT SHAKES,POMEGRANATE SHAKE (REGULAR),50,TRUE
3,YURISH FOOD,FRUIT SHAKES,POMEGRANATE SHAKE (JUMBO),100,TRUE
3,YURISH FOOD,LASSI,SWEET LASSI (REGULAR),35,TRUE
3,YURISH FOOD,LASSI,SWEET LASSI (JUMBO),70,TRUE
3,YURISH FOOD,LASSI,MANGO LASSI (REGULAR),40,TRUE
3,YURISH FOOD,LASSI,MANGO LASSI (JUMBO),80,TRUE
3,YURISH FOOD,MILK SHAKES,VANILLA (REGULAR),50,TRUE
3,YURISH FOOD,MILK SHAKES,VANILLA (JUMBO),100,TRUE
3,YURISH FOOD,MILK SHAKES,CHOCOLATE (REGULAR),50,TRUE
3,YURISH FOOD,MILK SHAKES,CHOCOLATE (JUMBO),100,TRUE
4,BUTTY : THE FOOD PARADISE,BIRIYANI,FISH BIRIYANI,140,TRUE
4,BUTTY : THE FOOD PARADISE,BIRIYANI,PRAWN BIRIYANI,140,TRUE
4,BUTTY : THE FOOD PARADISE,BIRIYANI,MUSHROOM BIRIYANI,150,TRUE
4,BUTTY : THE FOOD PARADISE,BIRIYANI,PANEER BIRIYANI,90,TRUE
4,BUTTY : THE FOOD PARADISE,SHAWARMA ,SHAWARMA ROLL,60,TRUE
4,BUTTY : THE FOOD PARADISE,SHAWARMA ,EGG SHAWARMA,70,TRUE
4,BUTTY : THE FOOD PARADISE,SHAWARMA ,BBQ SHAWARMA,80,TRUE
4,BUTTY : THE FOOD PARADISE,SHAWARMA ,TANDOORI SHAWARMA PLATTER,110,TRUE
4,BUTTY : THE FOOD PARADISE,SPECIAL KABAB ROLLS,SPECIAL AKBARI KABAB ROLL,80,TRUE
4,BUTTY : THE FOOD PARADISE,SPECIAL KABAB ROLLS,SPECIAL RESHMI KABAB ROLL,80,TRUE
4,BUTTY : THE FOOD PARADISE,SPECIAL KABAB ROLLS,SPECIAL CHICKEN CHATPATA KABAB ROLL,90,TRUE
4,BUTTY : THE FOOD PARADISE,SPECIAL KABAB ROLLS,SPECIAL ACHARI KABAB ROLL,90,TRUE
4,BUTTY : THE FOOD PARADISE,SPECIAL PARATHA,PAROTHA+VEG CURRY,70,TRUE
4,BUTTY : THE FOOD PARADISE,SPECIAL PARATHA,PAROTHA+EGG CURRY,80,TRUE
4,BUTTY : THE FOOD PARADISE,SPECIAL PARATHA,PAROTHA+CHICKEN CURRY,90,TRUE
4,BUTTY : THE FOOD PARADISE,SPECIAL PARATHA,PAROTHA+FISH CURRY,100,TRUE
6,SHARJAH CENTRE,FRESH JUICE'S,SWEET LIME,25,TRUE
6,SHARJAH CENTRE,FRESH JUICE'S,GRAPE,40,TRUE
6,SHARJAH CENTRE,FRESH JUICE'S,WATER MELON,35,TRUE
6,SHARJAH CENTRE,FRESH JUICE'S,CUSTARD APPLE,40,TRUE
6,SHARJAH CENTRE,MILKSHAKE,DRY FRUIT,60,TRUE
6,SHARJAH CENTRE,MILKSHAKE,SAUDI,60,TRUE
6,SHARJAH CENTRE,MILKSHAKE,CARROT,60,TRUE
6,SHARJAH CENTRE,MILKSHAKE,MANGO,60,TRUE
6,SHARJAH CENTRE,SPECIAL VARIETY,LASSI,35,TRUE
6,SHARJAH CENTRE,SPECIAL VARIETY,ROSE MILK,45,TRUE
6,SHARJAH CENTRE,SPECIAL VARIETY,BADHAM MILK,35,TRUE
6,SHARJAH CENTRE,SPECIAL VARIETY,COLD COFFEE,55,TRUE
6,SHARJAH CENTRE,FRESH LIME,LIME,10,TRUE
6,SHARJAH CENTRE,FRESH LIME,GINGER LIME,15,TRUE
6,SHARJAH CENTRE,FRESH LIME,GRAPE LIME,15,TRUE
6,SHARJAH CENTRE,FRESH LIME,LIME SODA,25,TRUE
7,SOHANA BIRIYANI HOUSE,BIRIYANI,CHICKEN HYDRABADI BIRIYANI,110,TRUE
7,SOHANA BIRIYANI HOUSE,BIRIYANI,CHICKEN FRY PIECE BIRIYANI,130,TRUE
7,SOHANA BIRIYANI HOUSE,BIRIYANI,CHILLY CHICKEN BIRIYANI,160,TRUE
7,SOHANA BIRIYANI HOUSE,BIRIYANI,EGG BIRIYANI,90,TRUE
7,SOHANA BIRIYANI HOUSE,STARTERS,GOBI 65,90,TRUE
7,SOHANA BIRIYANI HOUSE,STARTERS,PANEER 65,100,TRUE
7,SOHANA BIRIYANI HOUSE,STARTERS,CHICKEN 65,100,TRUE
7,SOHANA BIRIYANI HOUSE,STARTERS,GARLIC CHICKEN,120,TRUE
7,SOHANA BIRIYANI HOUSE,TAWA ROLL,PANEER TAWA ROLL (SMALL),60,TRUE
7,SOHANA BIRIYANI HOUSE,TAWA ROLL,PANEER TAWA ROLL (LARGE),80,TRUE
7,SOHANA BIRIYANI HOUSE,TAWA ROLL,CHICKEN TAWA ROLL (SMALL),60,TRUE
7,SOHANA BIRIYANI HOUSE,TAWA ROLL,CHICKEN TAWA ROLL (LARGE),80,TRUE
7,SOHANA BIRIYANI HOUSE,RICE/NOODLES,CHICKEN FRIED RICE/NOODLE,90,TRUE
7,SOHANA BIRIYANI HOUSE,RICE/NOODLES,GOBI FRIED RICE/NOODLES,90,TRUE
7,SOHANA BIRIYANI HOUSE,RICE/NOODLES,MUSHROOM FRIED RICE/NOODLES,90,TRUE
7,SOHANA BIRIYANI HOUSE,RICE/NOODLES,EGG FRIED RICE/NOODLES,90,TRUE
8,CHOCOMANS,FRESH CREAM CAKES,CLASSIC VANILLA (1 KG),600,TRUE
8,CHOCOMANS,FRESH CREAM CAKES,MANGO (1 KG),675,TRUE
8,CHOCOMANS,FRESH CREAM CAKES,CHOCOLATE DELIGHT (1 KG),725,TRUE
8,CHOCOMANS,FRESH CREAM CAKES,IRISH COFFEE (1 KG),725,TRUE
8,CHOCOMANS,EXCLUSIVE COLLECTION,BUTTER SCOTCH (1 KG),775,TRUE
8,CHOCOMANS,EXCLUSIVE COLLECTION,TOFFEE CHOCOLATE CAKE (1 KG),900,TRUE
8,CHOCOMANS,EXCLUSIVE COLLECTION,RED VELVET (1 KG),1000,TRUE
8,CHOCOMANS,EXCLUSIVE COLLECTION,COCONUT CARAMEL CAKE (1 KG),800,TRUE
8,CHOCOMANS,PINATA CAKE,CHOCOLATE HEART/BALL (1 KG),1300,TRUE
8,CHOCOMANS,PINATA CAKE,GOLDEN HEART/BALL (1 KG),1400,TRUE
8,CHOCOMANS,CHEESE CAKE,STRAWBERRY CHEESE CAKE (1 KG),1200,TRUE
8,CHOCOMANS,CHEESE CAKE,NEWYORK CHEESE CAKE (1 KG),1000,TRUE
8,CHOCOMANS,DESI DELIGHT,GULAB JAMUN CAKE (1 KG),950,TRUE
8,CHOCOMANS,DESI DELIGHT,RASAMALAI CAKE (1 KG),1050,TRUE
8,CHOCOMANS,DESI DELIGHT,MATICHUR LADOO CAKE,950,TRUE
8,CHOCOMANS,DESI DELIGHT,SPANISH DELIGHT CAKE,900,TRUE
9,GOOGLE FOOD PARK,CHINESE SIDE DISH,CHILLY CHICKEN ,100,TRUE
9,GOOGLE FOOD PARK,CHINESE SIDE DISH,DRAGON CHICKEN,130,TRUE
9,GOOGLE FOOD PARK,CHINESE SIDE DISH,MUSHROOM MANCHURIAN,100,TRUE
9,GOOGLE FOOD PARK,CHINESE SIDE DISH,PANEER CHILLY,100,TRUE
9,GOOGLE FOOD PARK,SHAWARMA ,CHEESE SHAWARMA ROLL,60,TRUE
9,GOOGLE FOOD PARK,SHAWARMA ,BBQ SHAWARAM,80,TRUE
9,GOOGLE FOOD PARK,SHAWARMA ,SPICE SHAWARMA ROLL,70,TRUE
9,GOOGLE FOOD PARK,SHAWARMA ,MEXICAN SHWARMA PLATE,120,TRUE
9,GOOGLE FOOD PARK,SANDWICH,CHICKEN SANDWICH,50,TRUE
9,GOOGLE FOOD PARK,SANDWICH,MEXICAN CHICKEN SANDWICH,60,TRUE
9,GOOGLE FOOD PARK,SANDWICH,MUSHROOM SANDWICH,50,TRUE
9,GOOGLE FOOD PARK,SANDWICH,TANDOORI PANEER SANDWICH,60,TRUE
9,GOOGLE FOOD PARK,PASTA,EGG PASTA,80,TRUE
9,GOOGLE FOOD PARK,PASTA,CHICKEN PASTA,90,TRUE
9,GOOGLE FOOD PARK,PASTA,VEG PASTA,80,TRUE
9,GOOGLE FOOD PARK,PASTA,PANEER PASTA,90,TRUE
10,MASALEDAR,RICE BOWLS,RAJMA CHAWAL,50,TRUE
10,MASALEDAR,RICE BOWLS,CHOLE CHAWAL,50,TRUE
10,MASALEDAR,RICE BOWLS,CHICKEN CHAWAL,70,TRUE
10,MASALEDAR,RICE BOWLS,KADHI CHAWAL,50,TRUE
10,MASALEDAR,THALI,VEG THALI,95,TRUE
10,MASALEDAR,THALI,CHICKEN THALI,150,TRUE
10,MASALEDAR,THALI,PANEER THALI,150,TRUE
10,MASALEDAR,THALI,MAHARAJA MAHARANI THALI,300,TRUE
10,MASALEDAR,INDIAN,CHICKEN CURRY,100,TRUE
10,MASALEDAR,INDIAN,MATAR CURRY,100,TRUE
10,MASALEDAR,INDIAN,DAL FRY,50,TRUE
10,MASALEDAR,INDIAN,CHOLE ,30,TRUE
10,MASALEDAR,STARTERS,VADA PAV,25,TRUE
10,MASALEDAR,STARTERS,PAV BHAJI,50,TRUE
10,MASALEDAR,STARTERS,CHANA SAMOSA CHAT,50,TRUE
10,MASALEDAR,STARTERS,TIKKI CHAT,40,TRUE
11,THARA TIFFIN CENTER,ANDRA SPECIAL,PEEARATTU DOSA,60,TRUE
11,THARA TIFFIN CENTER,ANDRA SPECIAL,KARAM DOSA,50,TRUE
11,THARA TIFFIN CENTER,ANDRA SPECIAL,GHEE KARAM DOSA,70,TRUE
11,THARA TIFFIN CENTER,ANDRA SPECIAL,DOUBLE EGG KARAM DOSA,80,TRUE
11,THARA TIFFIN CENTER,DOSA SPECIAL,KAL DOSA,50,TRUE
11,THARA TIFFIN CENTER,DOSA SPECIAL,PODI DOSA,50,TRUE
11,THARA TIFFIN CENTER,DOSA SPECIAL,EGG DOSA,60,TRUE
11,THARA TIFFIN CENTER,DOSA SPECIAL,ONION DOSA,60,TRUE
11,THARA TIFFIN CENTER,CHAPPATTI,CHAPPATTI (2 Nos),40,TRUE
11,THARA TIFFIN CENTER,CHAPPATTI,PAROTTA (2 Nos),40,TRUE
11,THARA TIFFIN CENTER,CHAPPATTI,CHICKEN FRY WITH CHAPPATTI (2 Nos),100,TRUE
11,THARA TIFFIN CENTER,CHAPPATTI,CHICKEN FRY WITH PAROTTA (2 Nos),100,TRUE
11,THARA TIFFIN CENTER,SNACKS,GOBI 65,20,TRUE
11,THARA TIFFIN CENTER,SNACKS,GOBI MANCHURIAN,50,TRUE
11,THARA TIFFIN CENTER,SNACKS,CURD VADAI,40,TRUE
11,THARA TIFFIN CENTER,SNACKS,SAMBAR VADAI,40,TRUE
12,SUBWAY,HOT AND CHEESY SIGNATURE SUBS VEG,CHEESY MEXICAN,259,TRUE
12,SUBWAY,HOT AND CHEESY SIGNATURE SUBS VEG,POTATO CHILLI CHEESE,239,TRUE
12,SUBWAY,HOT AND CHEESY SIGNATURE SUBS VEG,CHEESY PANEER TIKKA,279,TRUE
12,SUBWAY,HOT AND CHEESY SIGNATURE SUBS NON VEG,CHICKEN KEEMA MELT,239,TRUE
12,SUBWAY,HOT AND CHEESY SIGNATURE SUBS NON VEG,EGG AND CHICKEN MELT,239,TRUE
12,SUBWAY,HOT AND CHEESY SIGNATURE SUBS NON VEG,CHEESY AMERICAN BBQ,259,TRUE
12,SUBWAY,HOT AND CHEESY SIGNATURE SUBS NON VEG,CHEESY LAMB PEPPERONI,279,TRUE
12,SUBWAY,VEG,VEGGIE DELITE,159,TRUE
12,SUBWAY,VEG,ALOO PATTY,169,TRUE
12,SUBWAY,VEG,CORN AND PEAS,169,TRUE
12,SUBWAY,VEG,CHILLI BEAN PATTY,199,TRUE
12,SUBWAY,NON VEG,DOUBLE EGG N' CHEESE OMELETTE,109,TRUE
12,SUBWAY,NON VEG,SPICY CHICKEN KEEMA,199,TRUE
12,SUBWAY,NON VEG,CHICKEN SLICE,199,TRUE
12,SUBWAY,NON VEG,ROAST CHICKEN,219,TRUE
12,SUBWAY,TREATS AND SIDES,CRISPERS,89,TRUE
12,SUBWAY,TREATS AND SIDES,NACHOS'N DIP,59,TRUE
12,SUBWAY,TREATS AND SIDES,CHICKEN MEATBALLS,129,TRUE
12,SUBWAY,TREATS AND SIDES,VEG KABABS,119,TRUE
13,QUEEN'S COURT,KULCHA TORANTO,"CHICKEN KULCHA, CHICKEN MASALA",150,TRUE
13,QUEEN'S COURT,KULCHA TORANTO,"PANNER KULCHA, PANNER MASALA",140,TRUE
13,QUEEN'S COURT,KULCHA TORANTO,"MASALA KULCHA, MUSHROOM MASALA",110,TRUE
13,QUEEN'S COURT,KULCHA TORANTO,"MASALA KULCHA, ALOO KULCHA, PANNER KULCHA",100,TRUE
13,QUEEN'S COURT,INDO-CHINESE COMBO,"CHICKEN RICE/NOODLES, CHICKEN CHETTINAD",180,TRUE
13,QUEEN'S COURT,INDO-CHINESE COMBO,"MUSHROOM RICE/NOODLES, EGG KEEMA",130,TRUE
13,QUEEN'S COURT,INDO-CHINESE COMBO,"GOBI RICE/NOODLES, BABY CORN MASALA",130,TRUE
13,QUEEN'S COURT,INDO-CHINESE COMBO,"EGG RICE/NOODLES, EGG KEEMA MASALA",110,TRUE
13,QUEEN'S COURT,CHINESE COMBO,"CHICKEN PASTA, CHICKEN MANCHURIAN",170,TRUE
13,QUEEN'S COURT,CHINESE COMBO,"VEG PASTA, CHILLY PANEER",125,TRUE
13,QUEEN'S COURT,CHINESE COMBO,"VEG RICE/NOODLES, PANEER MANCHURIAN",130,TRUE
13,QUEEN'S COURT,CHINESE COMBO,"VEG RICE/NOODLES, GOBI MANCHURIAN",120,TRUE
13,QUEEN'S COURT,TANDOORI CHINESE COMBO,"2 BUTTER NAAN/3 ROTI, BABY CORN MANCHURIAN",120,TRUE
13,QUEEN'S COURT,TANDOORI CHINESE COMBO,"2 BUTTER NAAN/3 ROTI, GOBI MANCHURIAN",120,TRUE
13,QUEEN'S COURT,TANDOORI CHINESE COMBO,"2 BUTTER NAAN/3 ROTI, PANEER MANCHURIAN",130,TRUE
13,QUEEN'S COURT,TANDOORI CHINESE COMBO,"2 BUTTER NAAN/3 ROTI, PEPPER CHICKEN",140,TRUE
14,CLASSIC BIRYANI,SEA FOOD,FISH PEPPER MASALA,150,TRUE
14,CLASSIC BIRYANI,SEA FOOD,PRAWN MASALA,140,TRUE
14,CLASSIC BIRYANI,SEA FOOD,KADAI FISH,150,TRUE
14,CLASSIC BIRYANI,SEA FOOD,FISH MASALA,140,TRUE
14,CLASSIC BIRYANI,EGG,CHILLY EGG,100,TRUE
14,CLASSIC BIRYANI,EGG,EGG KEEMA MASALA,80,TRUE
14,CLASSIC BIRYANI,EGG,EGG MASALA,70,TRUE
14,CLASSIC BIRYANI,EGG,EGG BHURJI,40,TRUE
14,CLASSIC BIRYANI,BIRIYANI,PANEER BIRIYANI,110,TRUE
14,CLASSIC BIRYANI,BIRIYANI,LOLLYPOP BIRIYANI,150,TRUE
14,CLASSIC BIRYANI,BIRIYANI,MOGAL CHICKEN BIRIYANI,150,TRUE
14,CLASSIC BIRYANI,BIRIYANI,CHICKEN BIRIYANI,120,TRUE
14,CLASSIC BIRYANI,INDIAN GRAVY (VEG),DAL FRY,60,TRUE
14,CLASSIC BIRYANI,INDIAN GRAVY (VEG),DAL TADKA,70,TRUE
14,CLASSIC BIRYANI,INDIAN GRAVY (VEG),ALOO JEERA  ,70,TRUE
14,CLASSIC BIRYANI,INDIAN GRAVY (VEG),ALOO DUM,80,TRUE
15,FOOD KING,HOT BEVERAGES,BLACK COFFEE,12,TRUE
15,FOOD KING,HOT BEVERAGES,COFFEE (MINI),12,TRUE
15,FOOD KING,HOT BEVERAGES,TEA (MINI),12,TRUE
15,FOOD KING,HOT BEVERAGES,HOT MILK,18,TRUE
15,FOOD KING,FRIES,HONEY POTATO FRIES,70,TRUE
15,FOOD KING,FRIES,ITALIAN CHEESE FRIES,75,TRUE
15,FOOD KING,FRIES,MEXICAN CHEESE FRIES,75,TRUE
15,FOOD KING,FRIES,REGULAR FRENCH FRIES,40,TRUE
15,FOOD KING,PULAO,BEETROOT PULAO,90,TRUE
15,FOOD KING,PULAO,SWEET CORN PULAO,90,TRUE
15,FOOD KING,PULAO,GREEB PEAS PULAO,90,TRUE
15,FOOD KING,PULAO,VEG PULAO,90,TRUE
15,FOOD KING,DOSA  ,MASALA RAVA DOSA,65,TRUE
15,FOOD KING,DOSA  ,MUSHROOM DOSA,70,TRUE
15,FOOD KING,DOSA  ,ONION DOSA,50,TRUE
15,FOOD KING,DOSA  ,MASALA DOSA,55,TRUE
16,BUTTY'S CHAAT CORNER,CHAAT ITEMS,SAMOSA 1 PIECE,15,TRUE
16,BUTTY'S CHAAT CORNER,CHAAT ITEMS,BREAD PAKODA,30,TRUE
16,BUTTY'S CHAAT CORNER,CHAAT ITEMS,SEV PURI,50,TRUE
16,BUTTY'S CHAAT CORNER,CHAAT ITEMS,RAJ KACHORI,60,TRUE
16,BUTTY'S CHAAT CORNER,CHOWMEIN ITEMS,VEG CHOWMEIN,70,TRUE
16,BUTTY'S CHAAT CORNER,CHOWMEIN ITEMS,EGG CHOWMEIN,80,TRUE
16,BUTTY'S CHAAT CORNER,CHOWMEIN ITEMS,PANEER CHOWMEIN,90,TRUE
16,BUTTY'S CHAAT CORNER,CHOWMEIN ITEMS,EGG CHICKEN CHOWMEIN,100,TRUE
16,BUTTY'S CHAAT CORNER,PARATHA ITEMS,CHOLE BHAURE 2 PIECE,80,TRUE
16,BUTTY'S CHAAT CORNER,PARATHA ITEMS,ALOO PARATHA 2 PIECE,80,TRUE
16,BUTTY'S CHAAT CORNER,PARATHA ITEMS,GOBI PARATHA 2 PIECE,90,TRUE
16,BUTTY'S CHAAT CORNER,PARATHA ITEMS,CHEESE PARATHA 2 PIECE,90,TRUE
16,BUTTY'S CHAAT CORNER,VADA PAV ITEMS,VADA PAV,25,TRUE
16,BUTTY'S CHAAT CORNER,VADA PAV ITEMS,CHEESE VADA PAV,70,TRUE
16,BUTTY'S CHAAT CORNER,VADA PAV ITEMS,MASALA VADA PAV,50,TRUE
16,BUTTY'S CHAAT CORNER,VADA PAV ITEMS,MAHARAHA VADA PAV,50,TRUE
17,EMO PIZZA,PIZZA,MARGERITA (PLAIN CHEESE - SMALL),129,TRUE
17,EMO PIZZA,PIZZA,DOUBLE CHEESE MARGARITA (SMALL),139,TRUE
17,EMO PIZZA,PIZZA,CORN AND CHEESE (SMALL),149,TRUE
17,EMO PIZZA,PIZZA,"OWN MY VEG (ONION,TOMATO,CAPSICUM - SMALL)",149,TRUE
17,EMO PIZZA,BURGER,CHILLI VEG,105,TRUE
17,EMO PIZZA,BURGER,EMO VEG,116,TRUE
17,EMO PIZZA,BURGER,EMO FRIED CHICKEN BURGER,165,TRUE
17,EMO PIZZA,BURGER,EMO BIG BOY BURGER,224,TRUE
17,EMO PIZZA,DESSERT,VANILLA ICE CREAM,59,TRUE
17,EMO PIZZA,DESSERT,CHOCOLATE ICE CREAM,69,TRUE
17,EMO PIZZA,DESSERT,BROWNIE ,95,TRUE
17,EMO PIZZA,DESSERT,CHOCO LAVA CAKE,95,TRUE
17,EMO PIZZA,PASTA,PANNA E BASILLICO (VEG WHITE SAUCE),169,TRUE
17,EMO PIZZA,PASTA,PANNA E BASILLICO (NON VEG WHITE SAUCE),189,TRUE
17,EMO PIZZA,PASTA,MIRACLE MIX NON VEG,189,TRUE
17,EMO PIZZA,PASTA,ARABITTA NON VEG,180,TRUE
18,DOSAII BITES,SIGNATURE DOSA,PANEER FANTASY DOSAI,130,TRUE
18,DOSAII BITES,SIGNATURE DOSA,PANNER TIKKA DOSAI,130,TRUE
18,DOSAII BITES,SIGNATURE DOSA,STONE EDGE DOSAI,130,TRUE
18,DOSAII BITES,SIGNATURE DOSA,KERELA OPEN DOSAI,130,TRUE
18,DOSAII BITES,CASHEW NUT DOSA,KAJU PANEER DOSA,110,TRUE
18,DOSAII BITES,CASHEW NUT DOSA,KAJU MUSHROOM DOSA,110,TRUE
18,DOSAII BITES,CASHEW NUT DOSA,KAJU BABYCORN DOSA,110,TRUE
18,DOSAII BITES,CASHEW NUT DOSA,KAJU GREEN PEAS DOSA,110,TRUE
18,DOSAII BITES,POCEKT FRIENDLY,BUTTER PLAIN DOSA,40,TRUE
18,DOSAII BITES,POCEKT FRIENDLY,ONION DOSA,60,TRUE
18,DOSAII BITES,POCEKT FRIENDLY,ONION CHEESE,70,TRUE
18,DOSAII BITES,POCEKT FRIENDLY,SCHEZWAN MASALA ONION,70,TRUE
18,DOSAII BITES,DOUBLE DUO DOSA,MUSHROOM PANEER DOSA,100,TRUE
18,DOSAII BITES,DOUBLE DUO DOSA,SWEETCOREN BABYCORN DOSA,100,TRUE
18,DOSAII BITES,DOUBLE DUO DOSA,CHINESE MUSHROOM DOSA,100,TRUE
18,DOSAII BITES,DOUBLE DUO DOSA,CHINESE PANEER DOSA,100,TRUE
19,HALAL,JUMBO SANDWICH,FRESH VEG JUMBO,50,TRUE
19,HALAL,JUMBO SANDWICH,CHUTNEY AND CHEESE JUMBO,60,TRUE
19,HALAL,JUMBO SANDWICH,EGG BURJI JUMBO,50,TRUE
19,HALAL,JUMBO SANDWICH,PERI PERI CHICKEN JUMBO,80,TRUE
19,HALAL,SPECIAL BURGER,VEG BURGER,40,TRUE
19,HALAL,SPECIAL BURGER,EGG BURGER,50,TRUE
19,HALAL,SPECIAL BURGER,CHICKEN BURGER,50,TRUE
19,HALAL,SPECIAL BURGER,CHICKEN BURGER WITH EGG,60,TRUE
19,HALAL,SANDWICH,ALOO MASALA ,30,TRUE
19,HALAL,SANDWICH,SPICY PANEER WITH CHEESE,50,TRUE
19,HALAL,SANDWICH,COLESLAW (CARROT+CABBAGE+MAYONAISE),30,TRUE
19,HALAL,SANDWICH,CUCUMBER CHUTNEY,30,TRUE
19,HALAL,SPECIAL NON VEG SANDWICH,PERI PERI CHICKEN ,60,TRUE
19,HALAL,SPECIAL NON VEG SANDWICH,BBQ CHICKEN SANDWICH WITH CHEESE,70,TRUE
19,HALAL,SPECIAL NON VEG SANDWICH,TANDOOORI CHICKEN,60,TRUE
19,HALAL,SPECIAL NON VEG SANDWICH,BBQ CHICKEN ,60,TRUE
20,BUTTY'S KABAB ROLL MANIA,FUSION BITES,VEG ROLL,40,TRUE
20,BUTTY'S KABAB ROLL MANIA,FUSION BITES,ALOO TIKKA MAYO ROLL,50,TRUE
20,BUTTY'S KABAB ROLL MANIA,FUSION BITES,MALAO PANEER ROLL,70,TRUE
20,BUTTY'S KABAB ROLL MANIA,FUSION BITES,ALOO JEERA ROLL,60,TRUE
20,BUTTY'S KABAB ROLL MANIA,NON VEG DELIGHT,DOUBLE EGG ROLL,50,TRUE
20,BUTTY'S KABAB ROLL MANIA,NON VEG DELIGHT,EGG CHICKEN KABAB ROLL,60,TRUE
20,BUTTY'S KABAB ROLL MANIA,NON VEG DELIGHT,DRAGON CHICKEN ROLL,70,TRUE
20,BUTTY'S KABAB ROLL MANIA,NON VEG DELIGHT,BUTTER CHICKEN ROLL,70,TRUE
21,SUNNY DAYS,THICK SHAKES,NUTELLA BROWNIE CRUMBLE,120,TRUE
21,SUNNY DAYS,THICK SHAKES,TRIPLE CHOCO FRAPPE,110,TRUE
21,SUNNY DAYS,THICK SHAKES,RED VELVET,70,TRUE
21,SUNNY DAYS,THICK SHAKES,CHOCOLATE,60,TRUE
21,SUNNY DAYS,WRAP,PANNER TIKKA (6 pcs),80,TRUE
21,SUNNY DAYS,WRAP,FRIED CHICKEN WRAP,100,TRUE
21,SUNNY DAYS,WRAP,CHICKEN TIKKA,90,TRUE
21,SUNNY DAYS,WRAP,SHAWARMA CHICKEN WRAP,100,TRUE
21,SUNNY DAYS,ITANLIAN PASTA,CHEESY WHITE SAUCE (VEG),120,TRUE
21,SUNNY DAYS,ITANLIAN PASTA,CHEESY WHITE SAUCE (NON-VEG),150,TRUE
21,SUNNY DAYS,ITANLIAN PASTA,MIXED SAUCE (VEG),130,TRUE
21,SUNNY DAYS,ITANLIAN PASTA,MIXED SAUCE (NON-VEG),160,TRUE
21,SUNNY DAYS,MOCKTAIL,VIRGIN MOJITO,70,TRUE
21,SUNNY DAYS,MOCKTAIL,BLUE LAGOON,70,TRUE
21,SUNNY DAYS,MOCKTAIL,STRAWBERRY MANGO BLAST,90,TRUE
21,SUNNY DAYS,MOCKTAIL,BLUEBERRY,80,TRUE
23,DUCK DONALD,FRESH JUICE'S,WATER MELON,30,TRUE
23,DUCK DONALD,FRESH JUICE'S,BANANA,35,TRUE
23,DUCK DONALD,FRESH JUICE'S,PINE APPLE,35,TRUE
23,DUCK DONALD,FRESH JUICE'S,ORANGE,35,TRUE
23,DUCK DONALD,COLD BEVERAGES,COLD COFFEE,35,TRUE
23,DUCK DONALD,COLD BEVERAGES,COLD BOOST,45,TRUE
23,DUCK DONALD,COLD BEVERAGES,COLD HORLICKS,45,TRUE
23,DUCK DONALD,MILK SHAKES,APPLE SHAKE,45,TRUE
23,DUCK DONALD,MILK SHAKES,SAUDI,45,TRUE
23,DUCK DONALD,MILK SHAKES,DATES SHAKE,45,TRUE
23,DUCK DONALD,MILK SHAKES,BANANA SHAKE,45,TRUE
23,DUCK DONALD,REAL LASSI,LASSI,30,TRUE
23,DUCK DONALD,REAL LASSI,MANGO LASSI,40,TRUE
23,DUCK DONALD,REAL LASSI,PINEAPPLE LASSI,40,TRUE
23,DUCK DONALD,REAL LASSI,BANANA LASSI,40,TRUE
24,AMUL,TEA OR COFFEE,TEA,18,TRUE
24,AMUL,TEA OR COFFEE,COFFEE,18,TRUE
24,AMUL,TEA OR COFFEE,FILTER COFFEE,20,TRUE
24,AMUL,TEA OR COFFEE,HORLICKS,22,TRUE
24,AMUL,TEA OR COFFEE,MINI COFFEE,12,TRUE
24,AMUL,TEA OR COFFEE,MINI TEA,12,TRUE
24,AMUL,TEA OR COFFEE,GREEN TEA,12,TRUE
24,AMUL,PUFFS,VEG PUFF,20,TRUE
24,AMUL,PUFFS,EGG PUFF,25,TRUE
24,AMUL,PUFFS,PANEER PUFF,25,TRUE
24,AMUL,PUFFS,CHICKEN PUFF,30,TRUE
24,AMUL,PUFFS,ONION SAMOSA,10,TRUE
24,AMUL,PUFFS,VEG ROLL,25,TRUE
24,AMUL,PUFFS,CHICKEN SANDWICH,50,TRUE
25,FRESH AND HONEST CAFÉ,QUICK BITES,CHOCOS WITH COLD MILK,40,TRUE
25,FRESH AND HONEST CAFÉ,QUICK BITES,CHOCOS WITH HOT MILK,40,TRUE
25,FRESH AND HONEST CAFÉ,QUICK BITES,CORN FLAKES WITH COLD MILK,40,TRUE
25,FRESH AND HONEST CAFÉ,QUICK BITES,CORN FLAKES WITH HOT MILK,40,TRUE
25,FRESH AND HONEST CAFÉ,SNACKS,ALOO SAMOSA,15,TRUE
25,FRESH AND HONEST CAFÉ,SNACKS,NOODLES SAMOSA,20,TRUE
25,FRESH AND HONEST CAFÉ,SNACKS,VEG PUFF,15,TRUE
25,FRESH AND HONEST CAFÉ,SNACKS,EGG PUFF,20,TRUE
25,FRESH AND HONEST CAFÉ,TEA,CHENNAI MASALA TEA,20,TRUE
25,FRESH AND HONEST CAFÉ,TEA,FRESH GINGER TEA,20,TRUE
25,FRESH AND HONEST CAFÉ,TEA,MINI TEA,12,TRUE
25,FRESH AND HONEST CAFÉ,TEA,LEMON TEA,15,TRUE
25,FRESH AND HONEST CAFÉ,COFFEE,SOUTH INDIAN FILTER COFFEE,20,TRUE
25,FRESH AND HONEST CAFÉ,COFFEE,SUKKU COFFEE,20,TRUE
25,FRESH AND HONEST CAFÉ,COFFEE,COFFEE,18,TRUE
25,FRESH AND HONEST CAFÉ,COFFEE,COFFEE MINI,12,TRUE
26,SHAKES AND DESSERTS,BOBA BUBBLE SHAKE,VANILLA BUBBLE,130,TRUE
26,SHAKES AND DESSERTS,BOBA BUBBLE SHAKE,COLD COFFEE BUBBLE,140,TRUE
26,SHAKES AND DESSERTS,BOBA BUBBLE SHAKE,BUTTERSCOTCH BUBBLE,140,TRUE
26,SHAKES AND DESSERTS,BOBA BUBBLE SHAKE,MANGO BUBBLE,140,TRUE
26,SHAKES AND DESSERTS,WAFFLES,DEATH BY NUTELLA,120,TRUE
26,SHAKES AND DESSERTS,WAFFLES,KIT KAT WAFFLE,120,TRUE
26,SHAKES AND DESSERTS,WAFFLES,BELGIUM CHOCO FANTASY (WITH ICE CREAM),150,TRUE
26,SHAKES AND DESSERTS,WAFFLES,DOUBLE CHOCOLATE,150,TRUE
26,SHAKES AND DESSERTS,ICE CREAM DESSERTS,MEXICAN BROWNIE,70,TRUE
26,SHAKES AND DESSERTS,ICE CREAM DESSERTS,CHOCOLATE FUDGE,70,TRUE
26,SHAKES AND DESSERTS,ICE CREAM DESSERTS,DEATH BY CHOCOLATE,90,TRUE
26,SHAKES AND DESSERTS,ICE CREAM DESSERTS,BROWNIE OVER LOAD,90,TRUE
26,SHAKES AND DESSERTS,HOT CHOCOLATE,HOT CHOCOLATE DRINK,50,TRUE
26,SHAKES AND DESSERTS,HOT CHOCOLATE,LAVA CAKE,60,TRUE
26,SHAKES AND DESSERTS,HOT CHOCOLATE,HOT CHOCOLATE BROWNIE,80,TRUE
26,SHAKES AND DESSERTS,HOT CHOCOLATE,HOT CHOCOLATE FUDGE,80,TRUE
27,EVERGREEN KA PADOSI,JUICE COMBINATION TO CLEANSE AND DIGESTION,APPLE CIDER (APPLE+ORANGE+LEMON),60,TRUE
27,EVERGREEN KA PADOSI,JUICE COMBINATION TO CLEANSE AND DIGESTION,GREEN PANTHER (MOSAMBI+MINT+LEMON),60,TRUE
27,EVERGREEN KA PADOSI,JUICE COMBINATION TO CLEANSE AND DIGESTION,ORANGE PUNCH (PINEAPPLE+ORANGE),60,TRUE
27,EVERGREEN KA PADOSI,JUICE COMBINATION TO CLEANSE AND DIGESTION,FLOOSPARY FLOOPY (PINEAPPLE+MINT+LEMON),60,TRUE
27,EVERGREEN KA PADOSI,HEALTH DRINKS,IRON BOOSTER,70,TRUE
27,EVERGREEN KA PADOSI,HEALTH DRINKS,WEIGHT LOSS,70,TRUE
27,EVERGREEN KA PADOSI,HEALTH DRINKS,RAPID RECOVERY,60,TRUE
27,EVERGREEN KA PADOSI,NUT SHAKES,DRY FRUIT MIX,70,TRUE
27,EVERGREEN KA PADOSI,NUT SHAKES,CASHEW,50,TRUE
27,EVERGREEN KA PADOSI,NUT SHAKES,BADAM,50,TRUE
27,EVERGREEN KA PADOSI,NUT SHAKES,PISTA,50,TRUE
27,EVERGREEN KA PADOSI,MALBA,TENDER MALBA,80,TRUE
27,EVERGREEN KA PADOSI,MALBA,CHIKKU MALBA,80,TRUE
27,EVERGREEN KA PADOSI,MALBA,APPLE MALBA,80,TRUE
27,EVERGREEN KA PADOSI,MALBA,BUTTER MALBA,90,TRUE
