"item_id","vendor_id","vendor_name","category","name","price","available","created_at"
404,1,"EVERGREEN","BIRIYANI","CHICKEN BIRIYANI","100.00",True,"2025-04-16 19:14:27.954981+05:30"
405,1,"EVERGREEN","BIRIYANI","SPL. BIRIYANI","140.00",True,"2025-04-16 19:14:27.954981+05:30"
406,1,"EVERGREEN","BIRIYANI","EGG BIRIYANI","90.00",True,"2025-04-16 19:14:27.954981+05:30"
407,1,"EVERGREEN","BIRIYANI","VEG PULAO","100.00",True,"2025-04-16 19:14:27.954981+05:30"
408,1,"EVERGREEN","TANDOORI","TANDOORI CHICKEN (FULL)","370.00",True,"2025-04-16 19:14:27.954981+05:30"
409,1,"EVERGREEN","TANDOORI","TANDOORI CHICKEN (HALF)","190.00",True,"2025-04-16 19:14:27.954981+05:30"
410,1,"EVERGREEN","TANDOORI","TANGRI KABAB  (2 pcs)","140.00",True,"2025-04-16 19:14:27.954981+05:30"
411,1,"EVERGREEN","TANDOORI","PANNER TIKKA (6 pcs)","120.00",True,"2025-04-16 19:14:27.954981+05:30"
412,1,"EVERGREEN","RICE NOODLES/PASTA","EGG FRIED RICE/NOODLES/PASTA","80.00",True,"2025-04-16 19:14:27.954981+05:30"
413,1,"EVERGREEN","RICE NOODLES/PASTA","VEG FRIED RICE/NOODLES/PASTA","70.00",True,"2025-04-16 19:14:27.954981+05:30"
414,1,"EVERGREEN","RICE NOODLES/PASTA","PRAWN FRIED RICE/NOODLES/PASTA","120.00",True,"2025-04-16 19:14:27.954981+05:30"
415,1,"EVERGREEN","RICE NOODLES/PASTA","GOBI FRIED RICE/NOODLES/PASTA","90.00",True,"2025-04-16 19:14:27.954981+05:30"
416,1,"EVERGREEN","SPECIAL VEG ROLL","ROYAL VEG ROLL","50.00",True,"2025-04-16 19:14:27.954981+05:30"
417,1,"EVERGREEN","SPECIAL VEG ROLL","VEH MANCHURIAN ROLL","70.00",True,"2025-04-16 19:14:27.954981+05:30"
418,1,"EVERGREEN","SPECIAL VEG ROLL","BABY CORN MANCHURIAN ROLL","80.00",True,"2025-04-16 19:14:27.954981+05:30"
419,1,"EVERGREEN","SPECIAL VEG ROLL","CHILLY ALOO ROLL","80.00",True,"2025-04-16 19:14:27.954981+05:30"
420,2,"S.R. CHAT CORNER","SANDWICH","CHICKEN SANDWICH","60.00",True,"2025-04-16 19:14:27.954981+05:30"
421,2,"S.R. CHAT CORNER","SANDWICH","PANEER SANDWICH","60.00",True,"2025-04-16 19:14:27.954981+05:30"
422,2,"S.R. CHAT CORNER","SANDWICH","ALOO SANDWICH","50.00",True,"2025-04-16 19:14:27.954981+05:30"
423,2,"S.R. CHAT CORNER","SANDWICH","DOUBLE CHEESE SANDWICH","60.00",True,"2025-04-16 19:14:27.954981+05:30"
424,2,"S.R. CHAT CORNER","CHAT ITEMS","SAMOSA CHAT","50.00",True,"2025-04-16 19:14:27.954981+05:30"
425,2,"S.R. CHAT CORNER","CHAT ITEMS","PAPDI CHAT","50.00",True,"2025-04-16 19:14:27.954981+05:30"
426,2,"S.R. CHAT CORNER","CHAT ITEMS","ALOO CHAT","50.00",True,"2025-04-16 19:14:27.954981+05:30"
427,2,"S.R. CHAT CORNER","CHAT ITEMS","BHEL PURI","50.00",True,"2025-04-16 19:14:27.954981+05:30"
428,2,"S.R. CHAT CORNER","MOMOS","VEG MOMO STEAM","70.00",True,"2025-04-16 19:14:27.954981+05:30"
429,2,"S.R. CHAT CORNER","MOMOS","VEG MOMO FRIED","80.00",True,"2025-04-16 19:14:27.954981+05:30"
430,2,"S.R. CHAT CORNER","MOMOS","CHICKEN MOMO STEAM","80.00",True,"2025-04-16 19:14:27.954981+05:30"
431,2,"S.R. CHAT CORNER","MOMOS","CHICKEN MOMO FRIED","100.00",True,"2025-04-16 19:14:27.954981+05:30"
432,2,"S.R. CHAT CORNER","MAGGI","CHICKEN MAGGI","60.00",True,"2025-04-16 19:14:27.954981+05:30"
433,2,"S.R. CHAT CORNER","MAGGI","EGG MAGGI","50.00",True,"2025-04-16 19:14:27.954981+05:30"
434,2,"S.R. CHAT CORNER","MAGGI","VEG MAGGI","40.00",True,"2025-04-16 19:14:27.954981+05:30"
435,2,"S.R. CHAT CORNER","MAGGI","PLAIN MAGGI","30.00",True,"2025-04-16 19:14:27.954981+05:30"
436,3,"YURISH FOOD","LEMON DHAMAKA","LEMON SODA(REGULAR)","25.00",True,"2025-04-16 19:14:27.954981+05:30"
437,3,"YURISH FOOD","LEMON DHAMAKA","LEMON SODE(JUMBO)","50.00",True,"2025-04-16 19:14:27.954981+05:30"
438,3,"YURISH FOOD","LEMON DHAMAKA","JALJEERA LEMON (REGULAR)","20.00",True,"2025-04-16 19:14:27.954981+05:30"
439,3,"YURISH FOOD","LEMON DHAMAKA","JALJEERA LEMON (JUMBO)","40.00",True,"2025-04-16 19:14:27.954981+05:30"
440,3,"YURISH FOOD","FRUIT SHAKES","MANGO SHAKE (REGULAR)","50.00",True,"2025-04-16 19:14:27.954981+05:30"
441,3,"YURISH FOOD","FRUIT SHAKES","MANGO SHAKE (JUMBO)","100.00",True,"2025-04-16 19:14:27.954981+05:30"
442,3,"YURISH FOOD","FRUIT SHAKES","POMEGRANATE SHAKE (REGULAR)","50.00",True,"2025-04-16 19:14:27.954981+05:30"
443,3,"YURISH FOOD","FRUIT SHAKES","POMEGRANATE SHAKE (JUMBO)","100.00",True,"2025-04-16 19:14:27.954981+05:30"
444,3,"YURISH FOOD","LASSI","SWEET LASSI (REGULAR)","35.00",True,"2025-04-16 19:14:27.954981+05:30"
445,3,"YURISH FOOD","LASSI","SWEET LASSI (JUMBO)","70.00",True,"2025-04-16 19:14:27.954981+05:30"
446,3,"YURISH FOOD","LASSI","MANGO LASSI (REGULAR)","40.00",True,"2025-04-16 19:14:27.954981+05:30"
447,3,"YURISH FOOD","LASSI","MANGO LASSI (JUMBO)","80.00",True,"2025-04-16 19:14:27.954981+05:30"
448,3,"YURISH FOOD","MILK SHAKES","VANILLA (REGULAR)","50.00",True,"2025-04-16 19:14:27.954981+05:30"
449,3,"YURISH FOOD","MILK SHAKES","VANILLA (JUMBO)","100.00",True,"2025-04-16 19:14:27.954981+05:30"
450,3,"YURISH FOOD","MILK SHAKES","CHOCOLATE (REGULAR)","50.00",True,"2025-04-16 19:14:27.954981+05:30"
451,3,"YURISH FOOD","MILK SHAKES","CHOCOLATE (JUMBO)","100.00",True,"2025-04-16 19:14:27.954981+05:30"
452,4,"BUTTY : THE FOOD PARADISE","BIRIYANI","FISH BIRIYANI","140.00",True,"2025-04-16 19:14:27.954981+05:30"
453,4,"BUTTY : THE FOOD PARADISE","BIRIYANI","PRAWN BIRIYANI","140.00",True,"2025-04-16 19:14:27.954981+05:30"
454,4,"BUTTY : THE FOOD PARADISE","BIRIYANI","MUSHROOM BIRIYANI","150.00",True,"2025-04-16 19:14:27.954981+05:30"
455,4,"BUTTY : THE FOOD PARADISE","BIRIYANI","PANEER BIRIYANI","90.00",True,"2025-04-16 19:14:27.954981+05:30"
456,4,"BUTTY : THE FOOD PARADISE","SHAWARMA","SHAWARMA ROLL","60.00",True,"2025-04-16 19:14:27.954981+05:30"
457,4,"BUTTY : THE FOOD PARADISE","SHAWARMA","EGG SHAWARMA","70.00",True,"2025-04-16 19:14:27.954981+05:30"
458,4,"BUTTY : THE FOOD PARADISE","SHAWARMA","BBQ SHAWARMA","80.00",True,"2025-04-16 19:14:27.954981+05:30"
459,4,"BUTTY : THE FOOD PARADISE","SHAWARMA","TANDOORI SHAWARMA PLATTER","110.00",True,"2025-04-16 19:14:27.954981+05:30"
460,4,"BUTTY : THE FOOD PARADISE","SPECIAL KABAB ROLLS","SPECIAL AKBARI KABAB ROLL","80.00",True,"2025-04-16 19:14:27.954981+05:30"
461,4,"BUTTY : THE FOOD PARADISE","SPECIAL KABAB ROLLS","SPECIAL RESHMI KABAB ROLL","80.00",True,"2025-04-16 19:14:27.954981+05:30"
462,4,"BUTTY : THE FOOD PARADISE","SPECIAL KABAB ROLLS","SPECIAL CHICKEN CHATPATA KABAB ROLL","90.00",True,"2025-04-16 19:14:27.954981+05:30"
463,4,"BUTTY : THE FOOD PARADISE","SPECIAL KABAB ROLLS","SPECIAL ACHARI KABAB ROLL","90.00",True,"2025-04-16 19:14:27.954981+05:30"
464,4,"BUTTY : THE FOOD PARADISE","SPECIAL PARATHA","PAROTHA+VEG CURRY","70.00",True,"2025-04-16 19:14:27.954981+05:30"
465,4,"BUTTY : THE FOOD PARADISE","SPECIAL PARATHA","PAROTHA+EGG CURRY","80.00",True,"2025-04-16 19:14:27.954981+05:30"
466,4,"BUTTY : THE FOOD PARADISE","SPECIAL PARATHA","PAROTHA+CHICKEN CURRY","90.00",True,"2025-04-16 19:14:27.954981+05:30"
467,4,"BUTTY : THE FOOD PARADISE","SPECIAL PARATHA","PAROTHA+FISH CURRY","100.00",True,"2025-04-16 19:14:27.954981+05:30"
468,6,"SHARJAH CENTRE","FRESH JUICE'S","SWEET LIME","25.00",True,"2025-04-16 19:14:27.954981+05:30"
469,6,"SHARJAH CENTRE","FRESH JUICE'S","GRAPE","40.00",True,"2025-04-16 19:14:27.954981+05:30"
470,6,"SHARJAH CENTRE","FRESH JUICE'S","WATER MELON","35.00",True,"2025-04-16 19:14:27.954981+05:30"
471,6,"SHARJAH CENTRE","FRESH JUICE'S","CUSTARD APPLE","40.00",True,"2025-04-16 19:14:27.954981+05:30"
472,6,"SHARJAH CENTRE","MILKSHAKE","DRY FRUIT","60.00",True,"2025-04-16 19:14:27.954981+05:30"
473,6,"SHARJAH CENTRE","MILKSHAKE","SAUDI","60.00",True,"2025-04-16 19:14:27.954981+05:30"
474,6,"SHARJAH CENTRE","MILKSHAKE","CARROT","60.00",True,"2025-04-16 19:14:27.954981+05:30"
475,6,"SHARJAH CENTRE","MILKSHAKE","MANGO","60.00",True,"2025-04-16 19:14:27.954981+05:30"
476,6,"SHARJAH CENTRE","SPECIAL VARIETY","LASSI","35.00",True,"2025-04-16 19:14:27.954981+05:30"
477,6,"SHARJAH CENTRE","SPECIAL VARIETY","ROSE MILK","45.00",True,"2025-04-16 19:14:27.954981+05:30"
478,6,"SHARJAH CENTRE","SPECIAL VARIETY","BADHAM MILK","35.00",True,"2025-04-16 19:14:27.954981+05:30"
479,6,"SHARJAH CENTRE","SPECIAL VARIETY","COLD COFFEE","55.00",True,"2025-04-16 19:14:27.954981+05:30"
480,6,"SHARJAH CENTRE","FRESH LIME","LIME","10.00",True,"2025-04-16 19:14:27.954981+05:30"
481,6,"SHARJAH CENTRE","FRESH LIME","GINGER LIME","15.00",True,"2025-04-16 19:14:27.954981+05:30"
482,6,"SHARJAH CENTRE","FRESH LIME","GRAPE LIME","15.00",True,"2025-04-16 19:14:27.954981+05:30"
483,6,"SHARJAH CENTRE","FRESH LIME","LIME SODA","25.00",True,"2025-04-16 19:14:27.954981+05:30"
484,7,"SOHANA BIRIYANI HOUSE","BIRIYANI","CHICKEN HYDRABADI BIRIYANI","110.00",True,"2025-04-16 19:14:27.954981+05:30"
485,7,"SOHANA BIRIYANI HOUSE","BIRIYANI","CHICKEN FRY PIECE BIRIYANI","130.00",True,"2025-04-16 19:14:27.954981+05:30"
486,7,"SOHANA BIRIYANI HOUSE","BIRIYANI","CHILLY CHICKEN BIRIYANI","160.00",True,"2025-04-16 19:14:27.954981+05:30"
487,7,"SOHANA BIRIYANI HOUSE","BIRIYANI","EGG BIRIYANI","90.00",True,"2025-04-16 19:14:27.954981+05:30"
488,7,"SOHANA BIRIYANI HOUSE","STARTERS","GOBI 65","90.00",True,"2025-04-16 19:14:27.954981+05:30"
489,7,"SOHANA BIRIYANI HOUSE","STARTERS","PANEER 65","100.00",True,"2025-04-16 19:14:27.954981+05:30"
490,7,"SOHANA BIRIYANI HOUSE","STARTERS","CHICKEN 65","100.00",True,"2025-04-16 19:14:27.954981+05:30"
491,7,"SOHANA BIRIYANI HOUSE","STARTERS","GARLIC CHICKEN","120.00",True,"2025-04-16 19:14:27.954981+05:30"
492,7,"SOHANA BIRIYANI HOUSE","TAWA ROLL","PANEER TAWA ROLL (SMALL)","60.00",True,"2025-04-16 19:14:27.954981+05:30"
493,7,"SOHANA BIRIYANI HOUSE","TAWA ROLL","PANEER TAWA ROLL (LARGE)","80.00",True,"2025-04-16 19:14:27.954981+05:30"
494,7,"SOHANA BIRIYANI HOUSE","TAWA ROLL","CHICKEN TAWA ROLL (SMALL)","60.00",True,"2025-04-16 19:14:27.954981+05:30"
495,7,"SOHANA BIRIYANI HOUSE","TAWA ROLL","CHICKEN TAWA ROLL (LARGE)","80.00",True,"2025-04-16 19:14:27.954981+05:30"
496,7,"SOHANA BIRIYANI HOUSE","RICE/NOODLES","CHICKEN FRIED RICE/NOODLE","90.00",True,"2025-04-16 19:14:27.954981+05:30"
497,7,"SOHANA BIRIYANI HOUSE","RICE/NOODLES","GOBI FRIED RICE/NOODLES","90.00",True,"2025-04-16 19:14:27.954981+05:30"
498,7,"SOHANA BIRIYANI HOUSE","RICE/NOODLES","MUSHROOM FRIED RICE/NOODLES","90.00",True,"2025-04-16 19:14:27.954981+05:30"
499,7,"SOHANA BIRIYANI HOUSE","RICE/NOODLES","EGG FRIED RICE/NOODLES","90.00",True,"2025-04-16 19:14:27.954981+05:30"
500,8,"CHOCOMANS","FRESH CREAM CAKES","CLASSIC VANILLA (1 KG)","600.00",True,"2025-04-16 19:14:27.954981+05:30"
501,8,"CHOCOMANS","FRESH CREAM CAKES","MANGO (1 KG)","675.00",True,"2025-04-16 19:14:27.954981+05:30"
502,8,"CHOCOMANS","FRESH CREAM CAKES","CHOCOLATE DELIGHT (1 KG)","725.00",True,"2025-04-16 19:14:27.954981+05:30"
503,8,"CHOCOMANS","FRESH CREAM CAKES","IRISH COFFEE (1 KG)","725.00",True,"2025-04-16 19:14:27.954981+05:30"
504,8,"CHOCOMANS","EXCLUSIVE COLLECTION","BUTTER SCOTCH (1 KG)","775.00",True,"2025-04-16 19:14:27.954981+05:30"
505,8,"CHOCOMANS","EXCLUSIVE COLLECTION","TOFFEE CHOCOLATE CAKE (1 KG)","900.00",True,"2025-04-16 19:14:27.954981+05:30"
506,8,"CHOCOMANS","EXCLUSIVE COLLECTION","RED VELVET (1 KG)","1000.00",True,"2025-04-16 19:14:27.954981+05:30"
507,8,"CHOCOMANS","EXCLUSIVE COLLECTION","COCONUT CARAMEL CAKE (1 KG)","800.00",True,"2025-04-16 19:14:27.954981+05:30"
508,8,"CHOCOMANS","PINATA CAKE","CHOCOLATE HEART/BALL (1 KG)","1300.00",True,"2025-04-16 19:14:27.954981+05:30"
509,8,"CHOCOMANS","PINATA CAKE","GOLDEN HEART/BALL (1 KG)","1400.00",True,"2025-04-16 19:14:27.954981+05:30"
510,8,"CHOCOMANS","CHEESE CAKE","STRAWBERRY CHEESE CAKE (1 KG)","1200.00",True,"2025-04-16 19:14:27.954981+05:30"
511,8,"CHOCOMANS","CHEESE CAKE","NEWYORK CHEESE CAKE (1 KG)","1000.00",True,"2025-04-16 19:14:27.954981+05:30"
512,8,"CHOCOMANS","DESI DELIGHT","GULAB JAMUN CAKE (1 KG)","950.00",True,"2025-04-16 19:14:27.954981+05:30"
513,8,"CHOCOMANS","DESI DELIGHT","RASAMALAI CAKE (1 KG)","1050.00",True,"2025-04-16 19:14:27.954981+05:30"
514,8,"CHOCOMANS","DESI DELIGHT","MATICHUR LADOO CAKE","950.00",True,"2025-04-16 19:14:27.954981+05:30"
515,8,"CHOCOMANS","DESI DELIGHT","SPANISH DELIGHT CAKE","900.00",True,"2025-04-16 19:14:27.954981+05:30"
516,9,"GOOGLE FOOD PARK","CHINESE SIDE DISH","CHILLY CHICKEN","100.00",True,"2025-04-16 19:14:27.954981+05:30"
517,9,"GOOGLE FOOD PARK","CHINESE SIDE DISH","DRAGON CHICKEN","130.00",True,"2025-04-16 19:14:27.954981+05:30"
518,9,"GOOGLE FOOD PARK","CHINESE SIDE DISH","MUSHROOM MANCHURIAN","100.00",True,"2025-04-16 19:14:27.954981+05:30"
519,9,"GOOGLE FOOD PARK","CHINESE SIDE DISH","PANEER CHILLY","100.00",True,"2025-04-16 19:14:27.954981+05:30"
520,9,"GOOGLE FOOD PARK","SHAWARMA","CHEESE SHAWARMA ROLL","60.00",True,"2025-04-16 19:14:27.954981+05:30"
521,9,"GOOGLE FOOD PARK","SHAWARMA","BBQ SHAWARAM","80.00",True,"2025-04-16 19:14:27.954981+05:30"
522,9,"GOOGLE FOOD PARK","SHAWARMA","SPICE SHAWARMA ROLL","70.00",True,"2025-04-16 19:14:27.954981+05:30"
523,9,"GOOGLE FOOD PARK","SHAWARMA","MEXICAN SHWARMA PLATE","120.00",True,"2025-04-16 19:14:27.954981+05:30"
524,9,"GOOGLE FOOD PARK","SANDWICH","CHICKEN SANDWICH","50.00",True,"2025-04-16 19:14:27.954981+05:30"
525,9,"GOOGLE FOOD PARK","SANDWICH","MEXICAN CHICKEN SANDWICH","60.00",True,"2025-04-16 19:14:27.954981+05:30"
526,9,"GOOGLE FOOD PARK","SANDWICH","MUSHROOM SANDWICH","50.00",True,"2025-04-16 19:14:27.954981+05:30"
527,9,"GOOGLE FOOD PARK","SANDWICH","TANDOORI PANEER SANDWICH","60.00",True,"2025-04-16 19:14:27.954981+05:30"
528,9,"GOOGLE FOOD PARK","PASTA","EGG PASTA","80.00",True,"2025-04-16 19:14:27.954981+05:30"
529,9,"GOOGLE FOOD PARK","PASTA","CHICKEN PASTA","90.00",True,"2025-04-16 19:14:27.954981+05:30"
530,9,"GOOGLE FOOD PARK","PASTA","VEG PASTA","80.00",True,"2025-04-16 19:14:27.954981+05:30"
531,9,"GOOGLE FOOD PARK","PASTA","PANEER PASTA","90.00",True,"2025-04-16 19:14:27.954981+05:30"
532,10,"MASALEDAR","RICE BOWLS","RAJMA CHAWAL","50.00",True,"2025-04-16 19:14:27.954981+05:30"
533,10,"MASALEDAR","RICE BOWLS","CHOLE CHAWAL","50.00",True,"2025-04-16 19:14:27.954981+05:30"
534,10,"MASALEDAR","RICE BOWLS","CHICKEN CHAWAL","70.00",True,"2025-04-16 19:14:27.954981+05:30"
535,10,"MASALEDAR","RICE BOWLS","KADHI CHAWAL","50.00",True,"2025-04-16 19:14:27.954981+05:30"
536,10,"MASALEDAR","THALI","VEG THALI","95.00",True,"2025-04-16 19:14:27.954981+05:30"
537,10,"MASALEDAR","THALI","CHICKEN THALI","150.00",True,"2025-04-16 19:14:27.954981+05:30"
538,10,"MASALEDAR","THALI","PANEER THALI","150.00",True,"2025-04-16 19:14:27.954981+05:30"
539,10,"MASALEDAR","THALI","MAHARAJA MAHARANI THALI","300.00",True,"2025-04-16 19:14:27.954981+05:30"
540,10,"MASALEDAR","INDIAN","CHICKEN CURRY","100.00",True,"2025-04-16 19:14:27.954981+05:30"
541,10,"MASALEDAR","INDIAN","MATAR CURRY","100.00",True,"2025-04-16 19:14:27.954981+05:30"
542,10,"MASALEDAR","INDIAN","DAL FRY","50.00",True,"2025-04-16 19:14:27.954981+05:30"
543,10,"MASALEDAR","INDIAN","CHOLE","30.00",True,"2025-04-16 19:14:27.954981+05:30"
544,10,"MASALEDAR","STARTERS","VADA PAV","25.00",True,"2025-04-16 19:14:27.954981+05:30"
545,10,"MASALEDAR","STARTERS","PAV BHAJI","50.00",True,"2025-04-16 19:14:27.954981+05:30"
546,10,"MASALEDAR","STARTERS","CHANA SAMOSA CHAT","50.00",True,"2025-04-16 19:14:27.954981+05:30"
547,10,"MASALEDAR","STARTERS","TIKKI CHAT","40.00",True,"2025-04-16 19:14:27.954981+05:30"
548,11,"THARA TIFFIN CENTER","ANDRA SPECIAL","PEEARATTU DOSA","60.00",True,"2025-04-16 19:14:27.954981+05:30"
549,11,"THARA TIFFIN CENTER","ANDRA SPECIAL","KARAM DOSA","50.00",True,"2025-04-16 19:14:27.954981+05:30"
550,11,"THARA TIFFIN CENTER","ANDRA SPECIAL","GHEE KARAM DOSA","70.00",True,"2025-04-16 19:14:27.954981+05:30"
551,11,"THARA TIFFIN CENTER","ANDRA SPECIAL","DOUBLE EGG KARAM DOSA","80.00",True,"2025-04-16 19:14:27.954981+05:30"
552,11,"THARA TIFFIN CENTER","DOSA SPECIAL","KAL DOSA","50.00",True,"2025-04-16 19:14:27.954981+05:30"
553,11,"THARA TIFFIN CENTER","DOSA SPECIAL","PODI DOSA","50.00",True,"2025-04-16 19:14:27.954981+05:30"
554,11,"THARA TIFFIN CENTER","DOSA SPECIAL","EGG DOSA","60.00",True,"2025-04-16 19:14:27.954981+05:30"
555,11,"THARA TIFFIN CENTER","DOSA SPECIAL","ONION DOSA","60.00",True,"2025-04-16 19:14:27.954981+05:30"
556,11,"THARA TIFFIN CENTER","CHAPPATTI","CHAPPATTI (2 Nos)","40.00",True,"2025-04-16 19:14:27.954981+05:30"
557,11,"THARA TIFFIN CENTER","CHAPPATTI","PAROTTA (2 Nos)","40.00",True,"2025-04-16 19:14:27.954981+05:30"
558,11,"THARA TIFFIN CENTER","CHAPPATTI","CHICKEN FRY WITH CHAPPATTI (2 Nos)","100.00",True,"2025-04-16 19:14:27.954981+05:30"
559,11,"THARA TIFFIN CENTER","CHAPPATTI","CHICKEN FRY WITH PAROTTA (2 Nos)","100.00",True,"2025-04-16 19:14:27.954981+05:30"
560,11,"THARA TIFFIN CENTER","SNACKS","GOBI 65","20.00",True,"2025-04-16 19:14:27.954981+05:30"
561,11,"THARA TIFFIN CENTER","SNACKS","GOBI MANCHURIAN","50.00",True,"2025-04-16 19:14:27.954981+05:30"
562,11,"THARA TIFFIN CENTER","SNACKS","CURD VADAI","40.00",True,"2025-04-16 19:14:27.954981+05:30"
563,11,"THARA TIFFIN CENTER","SNACKS","SAMBAR VADAI","40.00",True,"2025-04-16 19:14:27.954981+05:30"
564,12,"SUBWAY","HOT AND CHEESY SIGNATURE SUBS VEG","CHEESY MEXICAN","259.00",True,"2025-04-16 19:14:27.954981+05:30"
565,12,"SUBWAY","HOT AND CHEESY SIGNATURE SUBS VEG","POTATO CHILLI CHEESE","239.00",True,"2025-04-16 19:14:27.954981+05:30"
566,12,"SUBWAY","HOT AND CHEESY SIGNATURE SUBS VEG","CHEESY PANEER TIKKA","279.00",True,"2025-04-16 19:14:27.954981+05:30"
567,12,"SUBWAY","HOT AND CHEESY SIGNATURE SUBS NON VEG","CHICKEN KEEMA MELT","239.00",True,"2025-04-16 19:14:27.954981+05:30"
568,12,"SUBWAY","HOT AND CHEESY SIGNATURE SUBS NON VEG","EGG AND CHICKEN MELT","239.00",True,"2025-04-16 19:14:27.954981+05:30"
569,12,"SUBWAY","HOT AND CHEESY SIGNATURE SUBS NON VEG","CHEESY AMERICAN BBQ","259.00",True,"2025-04-16 19:14:27.954981+05:30"
570,12,"SUBWAY","HOT AND CHEESY SIGNATURE SUBS NON VEG","CHEESY LAMB PEPPERONI","279.00",True,"2025-04-16 19:14:27.954981+05:30"
571,12,"SUBWAY","VEG","VEGGIE DELITE","159.00",True,"2025-04-16 19:14:27.954981+05:30"
572,12,"SUBWAY","VEG","ALOO PATTY","169.00",True,"2025-04-16 19:14:27.954981+05:30"
573,12,"SUBWAY","VEG","CORN AND PEAS","169.00",True,"2025-04-16 19:14:27.954981+05:30"
574,12,"SUBWAY","VEG","CHILLI BEAN PATTY","199.00",True,"2025-04-16 19:14:27.954981+05:30"
575,12,"SUBWAY","NON VEG","DOUBLE EGG N' CHEESE OMELETTE","109.00",True,"2025-04-16 19:14:27.954981+05:30"
576,12,"SUBWAY","NON VEG","SPICY CHICKEN KEEMA","199.00",True,"2025-04-16 19:14:27.954981+05:30"
577,12,"SUBWAY","NON VEG","CHICKEN SLICE","199.00",True,"2025-04-16 19:14:27.954981+05:30"
578,12,"SUBWAY","NON VEG","ROAST CHICKEN","219.00",True,"2025-04-16 19:14:27.954981+05:30"
579,12,"SUBWAY","TREATS AND SIDES","CRISPERS","89.00",True,"2025-04-16 19:14:27.954981+05:30"
580,12,"SUBWAY","TREATS AND SIDES","NACHOS'N DIP","59.00",True,"2025-04-16 19:14:27.954981+05:30"
581,12,"SUBWAY","TREATS AND SIDES","CHICKEN MEATBALLS","129.00",True,"2025-04-16 19:14:27.954981+05:30"
582,12,"SUBWAY","TREATS AND SIDES","VEG KABABS","119.00",True,"2025-04-16 19:14:27.954981+05:30"
583,13,"QUEEN'S COURT","KULCHA TORANTO","""CHICKEN KULCHA","NaN",False,"2025-04-16 19:14:27.954981+05:30"
584,13,"QUEEN'S COURT","KULCHA TORANTO","""PANNER KULCHA","NaN",False,"2025-04-16 19:14:27.954981+05:30"
585,13,"QUEEN'S COURT","KULCHA TORANTO","""MASALA KULCHA","NaN",False,"2025-04-16 19:14:27.954981+05:30"
586,13,"QUEEN'S COURT","KULCHA TORANTO","""MASALA KULCHA","NaN",False,"2025-04-16 19:14:27.954981+05:30"
587,13,"QUEEN'S COURT","INDO-CHINESE COMBO","""CHICKEN RICE/NOODLES","NaN",False,"2025-04-16 19:14:27.954981+05:30"
588,13,"QUEEN'S COURT","INDO-CHINESE COMBO","""MUSHROOM RICE/NOODLES","NaN",False,"2025-04-16 19:14:27.954981+05:30"
589,13,"QUEEN'S COURT","INDO-CHINESE COMBO","""GOBI RICE/NOODLES","NaN",False,"2025-04-16 19:14:27.954981+05:30"
590,13,"QUEEN'S COURT","INDO-CHINESE COMBO","""EGG RICE/NOODLES","NaN",False,"2025-04-16 19:14:27.954981+05:30"
591,13,"QUEEN'S COURT","CHINESE COMBO","""CHICKEN PASTA","NaN",False,"2025-04-16 19:14:27.954981+05:30"
592,13,"QUEEN'S COURT","CHINESE COMBO","""VEG PASTA","NaN",False,"2025-04-16 19:14:27.954981+05:30"
593,13,"QUEEN'S COURT","CHINESE COMBO","""VEG RICE/NOODLES","NaN",False,"2025-04-16 19:14:27.954981+05:30"
594,13,"QUEEN'S COURT","CHINESE COMBO","""VEG RICE/NOODLES","NaN",False,"2025-04-16 19:14:27.954981+05:30"
595,13,"QUEEN'S COURT","TANDOORI CHINESE COMBO","""2 BUTTER NAAN/3 ROTI","NaN",False,"2025-04-16 19:14:27.954981+05:30"
596,13,"QUEEN'S COURT","TANDOORI CHINESE COMBO","""2 BUTTER NAAN/3 ROTI","NaN",False,"2025-04-16 19:14:27.954981+05:30"
597,13,"QUEEN'S COURT","TANDOORI CHINESE COMBO","""2 BUTTER NAAN/3 ROTI","NaN",False,"2025-04-16 19:14:27.954981+05:30"
598,13,"QUEEN'S COURT","TANDOORI CHINESE COMBO","""2 BUTTER NAAN/3 ROTI","NaN",False,"2025-04-16 19:14:27.954981+05:30"
599,14,"CLASSIC BIRYANI","SEA FOOD","FISH PEPPER MASALA","150.00",True,"2025-04-16 19:14:27.954981+05:30"
600,14,"CLASSIC BIRYANI","SEA FOOD","PRAWN MASALA","140.00",True,"2025-04-16 19:14:27.954981+05:30"
601,14,"CLASSIC BIRYANI","SEA FOOD","KADAI FISH","150.00",True,"2025-04-16 19:14:27.954981+05:30"
602,14,"CLASSIC BIRYANI","SEA FOOD","FISH MASALA","140.00",True,"2025-04-16 19:14:27.954981+05:30"
603,14,"CLASSIC BIRYANI","EGG","CHILLY EGG","100.00",True,"2025-04-16 19:14:27.954981+05:30"
604,14,"CLASSIC BIRYANI","EGG","EGG KEEMA MASALA","80.00",True,"2025-04-16 19:14:27.954981+05:30"
605,14,"CLASSIC BIRYANI","EGG","EGG MASALA","70.00",True,"2025-04-16 19:14:27.954981+05:30"
606,14,"CLASSIC BIRYANI","EGG","EGG BHURJI","40.00",True,"2025-04-16 19:14:27.954981+05:30"
607,14,"CLASSIC BIRYANI","BIRIYANI","PANEER BIRIYANI","110.00",True,"2025-04-16 19:14:27.954981+05:30"
608,14,"CLASSIC BIRYANI","BIRIYANI","LOLLYPOP BIRIYANI","150.00",True,"2025-04-16 19:14:27.954981+05:30"
609,14,"CLASSIC BIRYANI","BIRIYANI","MOGAL CHICKEN BIRIYANI","150.00",True,"2025-04-16 19:14:27.954981+05:30"
610,14,"CLASSIC BIRYANI","BIRIYANI","CHICKEN BIRIYANI","120.00",True,"2025-04-16 19:14:27.954981+05:30"
611,14,"CLASSIC BIRYANI","INDIAN GRAVY (VEG)","DAL FRY","60.00",True,"2025-04-16 19:14:27.954981+05:30"
612,14,"CLASSIC BIRYANI","INDIAN GRAVY (VEG)","DAL TADKA","70.00",True,"2025-04-16 19:14:27.954981+05:30"
613,14,"CLASSIC BIRYANI","INDIAN GRAVY (VEG)","ALOO JEERA","70.00",True,"2025-04-16 19:14:27.954981+05:30"
614,14,"CLASSIC BIRYANI","INDIAN GRAVY (VEG)","ALOO DUM","80.00",True,"2025-04-16 19:14:27.954981+05:30"
615,15,"FOOD KING","HOT BEVERAGES","BLACK COFFEE","12.00",True,"2025-04-16 19:14:27.954981+05:30"
616,15,"FOOD KING","HOT BEVERAGES","COFFEE (MINI)","12.00",True,"2025-04-16 19:14:27.954981+05:30"
617,15,"FOOD KING","HOT BEVERAGES","TEA (MINI)","12.00",True,"2025-04-16 19:14:27.954981+05:30"
618,15,"FOOD KING","HOT BEVERAGES","HOT MILK","18.00",True,"2025-04-16 19:14:27.954981+05:30"
619,15,"FOOD KING","FRIES","HONEY POTATO FRIES","70.00",True,"2025-04-16 19:14:27.954981+05:30"
620,15,"FOOD KING","FRIES","ITALIAN CHEESE FRIES","75.00",True,"2025-04-16 19:14:27.954981+05:30"
621,15,"FOOD KING","FRIES","MEXICAN CHEESE FRIES","75.00",True,"2025-04-16 19:14:27.954981+05:30"
622,15,"FOOD KING","FRIES","REGULAR FRENCH FRIES","40.00",True,"2025-04-16 19:14:27.954981+05:30"
623,15,"FOOD KING","PULAO","BEETROOT PULAO","90.00",True,"2025-04-16 19:14:27.954981+05:30"
624,15,"FOOD KING","PULAO","SWEET CORN PULAO","90.00",True,"2025-04-16 19:14:27.954981+05:30"
625,15,"FOOD KING","PULAO","GREEB PEAS PULAO","90.00",True,"2025-04-16 19:14:27.954981+05:30"
626,15,"FOOD KING","PULAO","VEG PULAO","90.00",True,"2025-04-16 19:14:27.954981+05:30"
627,15,"FOOD KING","DOSA","MASALA RAVA DOSA","65.00",True,"2025-04-16 19:14:27.954981+05:30"
628,15,"FOOD KING","DOSA","MUSHROOM DOSA","70.00",True,"2025-04-16 19:14:27.954981+05:30"
629,15,"FOOD KING","DOSA","ONION DOSA","50.00",True,"2025-04-16 19:14:27.954981+05:30"
630,15,"FOOD KING","DOSA","MASALA DOSA","55.00",True,"2025-04-16 19:14:27.954981+05:30"
631,16,"BUTTY'S CHAAT CORNER","CHAAT ITEMS","SAMOSA 1 PIECE","15.00",True,"2025-04-16 19:14:27.954981+05:30"
632,16,"BUTTY'S CHAAT CORNER","CHAAT ITEMS","BREAD PAKODA","30.00",True,"2025-04-16 19:14:27.954981+05:30"
633,16,"BUTTY'S CHAAT CORNER","CHAAT ITEMS","SEV PURI","50.00",True,"2025-04-16 19:14:27.954981+05:30"
634,16,"BUTTY'S CHAAT CORNER","CHAAT ITEMS","RAJ KACHORI","60.00",True,"2025-04-16 19:14:27.954981+05:30"
635,16,"BUTTY'S CHAAT CORNER","CHOWMEIN ITEMS","VEG CHOWMEIN","70.00",True,"2025-04-16 19:14:27.954981+05:30"
636,16,"BUTTY'S CHAAT CORNER","CHOWMEIN ITEMS","EGG CHOWMEIN","80.00",True,"2025-04-16 19:14:27.954981+05:30"
637,16,"BUTTY'S CHAAT CORNER","CHOWMEIN ITEMS","PANEER CHOWMEIN","90.00",True,"2025-04-16 19:14:27.954981+05:30"
638,16,"BUTTY'S CHAAT CORNER","CHOWMEIN ITEMS","EGG CHICKEN CHOWMEIN","100.00",True,"2025-04-16 19:14:27.954981+05:30"
639,16,"BUTTY'S CHAAT CORNER","PARATHA ITEMS","CHOLE BHAURE 2 PIECE","80.00",True,"2025-04-16 19:14:27.954981+05:30"
640,16,"BUTTY'S CHAAT CORNER","PARATHA ITEMS","ALOO PARATHA 2 PIECE","80.00",True,"2025-04-16 19:14:27.954981+05:30"
641,16,"BUTTY'S CHAAT CORNER","PARATHA ITEMS","GOBI PARATHA 2 PIECE","90.00",True,"2025-04-16 19:14:27.954981+05:30"
642,16,"BUTTY'S CHAAT CORNER","PARATHA ITEMS","CHEESE PARATHA 2 PIECE","90.00",True,"2025-04-16 19:14:27.954981+05:30"
643,16,"BUTTY'S CHAAT CORNER","VADA PAV ITEMS","VADA PAV","25.00",True,"2025-04-16 19:14:27.954981+05:30"
644,16,"BUTTY'S CHAAT CORNER","VADA PAV ITEMS","CHEESE VADA PAV","70.00",True,"2025-04-16 19:14:27.954981+05:30"
645,16,"BUTTY'S CHAAT CORNER","VADA PAV ITEMS","MASALA VADA PAV","50.00",True,"2025-04-16 19:14:27.954981+05:30"
646,16,"BUTTY'S CHAAT CORNER","VADA PAV ITEMS","MAHARAHA VADA PAV","50.00",True,"2025-04-16 19:14:27.954981+05:30"
647,17,"EMO PIZZA","PIZZA","MARGERITA (PLAIN CHEESE - SMALL)","129.00",True,"2025-04-16 19:14:27.954981+05:30"
648,17,"EMO PIZZA","PIZZA","DOUBLE CHEESE MARGARITA (SMALL)","139.00",True,"2025-04-16 19:14:27.954981+05:30"
649,17,"EMO PIZZA","PIZZA","CORN AND CHEESE (SMALL)","149.00",True,"2025-04-16 19:14:27.954981+05:30"
650,17,"EMO PIZZA","PIZZA","""OWN MY VEG (ONION","NaN",False,"2025-04-16 19:14:27.954981+05:30"
651,17,"EMO PIZZA","BURGER","CHILLI VEG","105.00",True,"2025-04-16 19:14:27.954981+05:30"
652,17,"EMO PIZZA","BURGER","EMO VEG","116.00",True,"2025-04-16 19:14:27.954981+05:30"
653,17,"EMO PIZZA","BURGER","EMO FRIED CHICKEN BURGER","165.00",True,"2025-04-16 19:14:27.954981+05:30"
654,17,"EMO PIZZA","BURGER","EMO BIG BOY BURGER","224.00",True,"2025-04-16 19:14:27.954981+05:30"
655,17,"EMO PIZZA","DESSERT","VANILLA ICE CREAM","59.00",True,"2025-04-16 19:14:27.954981+05:30"
656,17,"EMO PIZZA","DESSERT","CHOCOLATE ICE CREAM","69.00",True,"2025-04-16 19:14:27.954981+05:30"
657,17,"EMO PIZZA","DESSERT","BROWNIE","95.00",True,"2025-04-16 19:14:27.954981+05:30"
658,17,"EMO PIZZA","DESSERT","CHOCO LAVA CAKE","95.00",True,"2025-04-16 19:14:27.954981+05:30"
659,17,"EMO PIZZA","PASTA","PANNA E BASILLICO (VEG WHITE SAUCE)","169.00",True,"2025-04-16 19:14:27.954981+05:30"
660,17,"EMO PIZZA","PASTA","PANNA E BASILLICO (NON VEG WHITE SAUCE)","189.00",True,"2025-04-16 19:14:27.954981+05:30"
661,17,"EMO PIZZA","PASTA","MIRACLE MIX NON VEG","189.00",True,"2025-04-16 19:14:27.954981+05:30"
662,17,"EMO PIZZA","PASTA","ARABITTA NON VEG","180.00",True,"2025-04-16 19:14:27.954981+05:30"
663,18,"DOSAII BITES","SIGNATURE DOSA","PANEER FANTASY DOSAI","130.00",True,"2025-04-16 19:14:27.954981+05:30"
664,18,"DOSAII BITES","SIGNATURE DOSA","PANNER TIKKA DOSAI","130.00",True,"2025-04-16 19:14:27.954981+05:30"
665,18,"DOSAII BITES","SIGNATURE DOSA","STONE EDGE DOSAI","130.00",True,"2025-04-16 19:14:27.954981+05:30"
666,18,"DOSAII BITES","SIGNATURE DOSA","KERELA OPEN DOSAI","130.00",True,"2025-04-16 19:14:27.954981+05:30"
667,18,"DOSAII BITES","CASHEW NUT DOSA","KAJU PANEER DOSA","110.00",True,"2025-04-16 19:14:27.954981+05:30"
668,18,"DOSAII BITES","CASHEW NUT DOSA","KAJU MUSHROOM DOSA","110.00",True,"2025-04-16 19:14:27.954981+05:30"
669,18,"DOSAII BITES","CASHEW NUT DOSA","KAJU BABYCORN DOSA","110.00",True,"2025-04-16 19:14:27.954981+05:30"
670,18,"DOSAII BITES","CASHEW NUT DOSA","KAJU GREEN PEAS DOSA","110.00",True,"2025-04-16 19:14:27.954981+05:30"
671,18,"DOSAII BITES","POCEKT FRIENDLY","BUTTER PLAIN DOSA","40.00",True,"2025-04-16 19:14:27.954981+05:30"
672,18,"DOSAII BITES","POCEKT FRIENDLY","ONION DOSA","60.00",True,"2025-04-16 19:14:27.954981+05:30"
673,18,"DOSAII BITES","POCEKT FRIENDLY","ONION CHEESE","70.00",True,"2025-04-16 19:14:27.954981+05:30"
674,18,"DOSAII BITES","POCEKT FRIENDLY","SCHEZWAN MASALA ONION","70.00",True,"2025-04-16 19:14:27.954981+05:30"
675,18,"DOSAII BITES","DOUBLE DUO DOSA","MUSHROOM PANEER DOSA","100.00",True,"2025-04-16 19:14:27.954981+05:30"
676,18,"DOSAII BITES","DOUBLE DUO DOSA","SWEETCOREN BABYCORN DOSA","100.00",True,"2025-04-16 19:14:27.954981+05:30"
677,18,"DOSAII BITES","DOUBLE DUO DOSA","CHINESE MUSHROOM DOSA","100.00",True,"2025-04-16 19:14:27.954981+05:30"
678,18,"DOSAII BITES","DOUBLE DUO DOSA","CHINESE PANEER DOSA","100.00",True,"2025-04-16 19:14:27.954981+05:30"
679,19,"HALAL","JUMBO SANDWICH","FRESH VEG JUMBO","50.00",True,"2025-04-16 19:14:27.954981+05:30"
680,19,"HALAL","JUMBO SANDWICH","CHUTNEY AND CHEESE JUMBO","60.00",True,"2025-04-16 19:14:27.954981+05:30"
681,19,"HALAL","JUMBO SANDWICH","EGG BURJI JUMBO","50.00",True,"2025-04-16 19:14:27.954981+05:30"
682,19,"HALAL","JUMBO SANDWICH","PERI PERI CHICKEN JUMBO","80.00",True,"2025-04-16 19:14:27.954981+05:30"
683,19,"HALAL","SPECIAL BURGER","VEG BURGER","40.00",True,"2025-04-16 19:14:27.954981+05:30"
684,19,"HALAL","SPECIAL BURGER","EGG BURGER","50.00",True,"2025-04-16 19:14:27.954981+05:30"
685,19,"HALAL","SPECIAL BURGER","CHICKEN BURGER","50.00",True,"2025-04-16 19:14:27.954981+05:30"
686,19,"HALAL","SPECIAL BURGER","CHICKEN BURGER WITH EGG","60.00",True,"2025-04-16 19:14:27.954981+05:30"
687,19,"HALAL","SANDWICH","ALOO MASALA","30.00",True,"2025-04-16 19:14:27.954981+05:30"
688,19,"HALAL","SANDWICH","SPICY PANEER WITH CHEESE","50.00",True,"2025-04-16 19:14:27.954981+05:30"
689,19,"HALAL","SANDWICH","COLESLAW (CARROT+CABBAGE+MAYONAISE)","30.00",True,"2025-04-16 19:14:27.954981+05:30"
690,19,"HALAL","SANDWICH","CUCUMBER CHUTNEY","30.00",True,"2025-04-16 19:14:27.954981+05:30"
691,19,"HALAL","SPECIAL NON VEG SANDWICH","PERI PERI CHICKEN","60.00",True,"2025-04-16 19:14:27.954981+05:30"
692,19,"HALAL","SPECIAL NON VEG SANDWICH","BBQ CHICKEN SANDWICH WITH CHEESE","70.00",True,"2025-04-16 19:14:27.954981+05:30"
693,19,"HALAL","SPECIAL NON VEG SANDWICH","TANDOOORI CHICKEN","60.00",True,"2025-04-16 19:14:27.954981+05:30"
694,19,"HALAL","SPECIAL NON VEG SANDWICH","BBQ CHICKEN","60.00",True,"2025-04-16 19:14:27.954981+05:30"
695,20,"BUTTY'S KABAB ROLL MANIA","FUSION BITES","VEG ROLL","40.00",True,"2025-04-16 19:14:27.954981+05:30"
696,20,"BUTTY'S KABAB ROLL MANIA","FUSION BITES","ALOO TIKKA MAYO ROLL","50.00",True,"2025-04-16 19:14:27.954981+05:30"
697,20,"BUTTY'S KABAB ROLL MANIA","FUSION BITES","MALAO PANEER ROLL","70.00",True,"2025-04-16 19:14:27.954981+05:30"
698,20,"BUTTY'S KABAB ROLL MANIA","FUSION BITES","ALOO JEERA ROLL","60.00",True,"2025-04-16 19:14:27.954981+05:30"
699,20,"BUTTY'S KABAB ROLL MANIA","NON VEG DELIGHT","DOUBLE EGG ROLL","50.00",True,"2025-04-16 19:14:27.954981+05:30"
700,20,"BUTTY'S KABAB ROLL MANIA","NON VEG DELIGHT","EGG CHICKEN KABAB ROLL","60.00",True,"2025-04-16 19:14:27.954981+05:30"
701,20,"BUTTY'S KABAB ROLL MANIA","NON VEG DELIGHT","DRAGON CHICKEN ROLL","70.00",True,"2025-04-16 19:14:27.954981+05:30"
702,20,"BUTTY'S KABAB ROLL MANIA","NON VEG DELIGHT","BUTTER CHICKEN ROLL","70.00",True,"2025-04-16 19:14:27.954981+05:30"
703,21,"SUNNY DAYS","THICK SHAKES","NUTELLA BROWNIE CRUMBLE","120.00",True,"2025-04-16 19:14:27.954981+05:30"
704,21,"SUNNY DAYS","THICK SHAKES","TRIPLE CHOCO FRAPPE","110.00",True,"2025-04-16 19:14:27.954981+05:30"
705,21,"SUNNY DAYS","THICK SHAKES","RED VELVET","70.00",True,"2025-04-16 19:14:27.954981+05:30"
706,21,"SUNNY DAYS","THICK SHAKES","CHOCOLATE","60.00",True,"2025-04-16 19:14:27.954981+05:30"
707,21,"SUNNY DAYS","WRAP","PANNER TIKKA (6 pcs)","80.00",True,"2025-04-16 19:14:27.954981+05:30"
708,21,"SUNNY DAYS","WRAP","FRIED CHICKEN WRAP","100.00",True,"2025-04-16 19:14:27.954981+05:30"
709,21,"SUNNY DAYS","WRAP","CHICKEN TIKKA","90.00",True,"2025-04-16 19:14:27.954981+05:30"
710,21,"SUNNY DAYS","WRAP","SHAWARMA CHICKEN WRAP","100.00",True,"2025-04-16 19:14:27.954981+05:30"
711,21,"SUNNY DAYS","ITANLIAN PASTA","CHEESY WHITE SAUCE (VEG)","120.00",True,"2025-04-16 19:14:27.954981+05:30"
712,21,"SUNNY DAYS","ITANLIAN PASTA","CHEESY WHITE SAUCE (NON-VEG)","150.00",True,"2025-04-16 19:14:27.954981+05:30"
713,21,"SUNNY DAYS","ITANLIAN PASTA","MIXED SAUCE (VEG)","130.00",True,"2025-04-16 19:14:27.954981+05:30"
714,21,"SUNNY DAYS","ITANLIAN PASTA","MIXED SAUCE (NON-VEG)","160.00",True,"2025-04-16 19:14:27.954981+05:30"
715,21,"SUNNY DAYS","MOCKTAIL","VIRGIN MOJITO","70.00",True,"2025-04-16 19:14:27.954981+05:30"
716,21,"SUNNY DAYS","MOCKTAIL","BLUE LAGOON","70.00",True,"2025-04-16 19:14:27.954981+05:30"
717,21,"SUNNY DAYS","MOCKTAIL","STRAWBERRY MANGO BLAST","90.00",True,"2025-04-16 19:14:27.954981+05:30"
718,21,"SUNNY DAYS","MOCKTAIL","BLUEBERRY","80.00",True,"2025-04-16 19:14:27.954981+05:30"
719,23,"DUCK DONALD","FRESH JUICE'S","WATER MELON","30.00",True,"2025-04-16 19:14:27.954981+05:30"
720,23,"DUCK DONALD","FRESH JUICE'S","BANANA","35.00",True,"2025-04-16 19:14:27.954981+05:30"
721,23,"DUCK DONALD","FRESH JUICE'S","PINE APPLE","35.00",True,"2025-04-16 19:14:27.954981+05:30"
722,23,"DUCK DONALD","FRESH JUICE'S","ORANGE","35.00",True,"2025-04-16 19:14:27.954981+05:30"
723,23,"DUCK DONALD","COLD BEVERAGES","COLD COFFEE","35.00",True,"2025-04-16 19:14:27.954981+05:30"
724,23,"DUCK DONALD","COLD BEVERAGES","COLD BOOST","45.00",True,"2025-04-16 19:14:27.954981+05:30"
725,23,"DUCK DONALD","COLD BEVERAGES","COLD HORLICKS","45.00",True,"2025-04-16 19:14:27.954981+05:30"
726,23,"DUCK DONALD","MILK SHAKES","APPLE SHAKE","45.00",True,"2025-04-16 19:14:27.954981+05:30"
727,23,"DUCK DONALD","MILK SHAKES","SAUDI","45.00",True,"2025-04-16 19:14:27.954981+05:30"
728,23,"DUCK DONALD","MILK SHAKES","DATES SHAKE","45.00",True,"2025-04-16 19:14:27.954981+05:30"
729,23,"DUCK DONALD","MILK SHAKES","BANANA SHAKE","45.00",True,"2025-04-16 19:14:27.954981+05:30"
730,23,"DUCK DONALD","REAL LASSI","LASSI","30.00",True,"2025-04-16 19:14:27.954981+05:30"
731,23,"DUCK DONALD","REAL LASSI","MANGO LASSI","40.00",True,"2025-04-16 19:14:27.954981+05:30"
732,23,"DUCK DONALD","REAL LASSI","PINEAPPLE LASSI","40.00",True,"2025-04-16 19:14:27.954981+05:30"
733,23,"DUCK DONALD","REAL LASSI","BANANA LASSI","40.00",True,"2025-04-16 19:14:27.954981+05:30"
734,24,"AMUL","TEA OR COFFEE","TEA","18.00",True,"2025-04-16 19:14:27.954981+05:30"
735,24,"AMUL","TEA OR COFFEE","COFFEE","18.00",True,"2025-04-16 19:14:27.954981+05:30"
736,24,"AMUL","TEA OR COFFEE","FILTER COFFEE","20.00",True,"2025-04-16 19:14:27.954981+05:30"
737,24,"AMUL","TEA OR COFFEE","HORLICKS","22.00",True,"2025-04-16 19:14:27.954981+05:30"
738,24,"AMUL","TEA OR COFFEE","MINI COFFEE","12.00",True,"2025-04-16 19:14:27.954981+05:30"
739,24,"AMUL","TEA OR COFFEE","MINI TEA","12.00",True,"2025-04-16 19:14:27.954981+05:30"
740,24,"AMUL","TEA OR COFFEE","GREEN TEA","12.00",True,"2025-04-16 19:14:27.954981+05:30"
741,24,"AMUL","PUFFS","VEG PUFF","20.00",True,"2025-04-16 19:14:27.954981+05:30"
742,24,"AMUL","PUFFS","EGG PUFF","25.00",True,"2025-04-16 19:14:27.954981+05:30"
743,24,"AMUL","PUFFS","PANEER PUFF","25.00",True,"2025-04-16 19:14:27.954981+05:30"
744,24,"AMUL","PUFFS","CHICKEN PUFF","30.00",True,"2025-04-16 19:14:27.954981+05:30"
745,24,"AMUL","PUFFS","ONION SAMOSA","10.00",True,"2025-04-16 19:14:27.954981+05:30"
746,24,"AMUL","PUFFS","VEG ROLL","25.00",True,"2025-04-16 19:14:27.954981+05:30"
747,24,"AMUL","PUFFS","CHICKEN SANDWICH","50.00",True,"2025-04-16 19:14:27.954981+05:30"
748,25,"FRESH AND HONEST CAFÉ","QUICK BITES","CHOCOS WITH COLD MILK","40.00",True,"2025-04-16 19:14:27.954981+05:30"
749,25,"FRESH AND HONEST CAFÉ","QUICK BITES","CHOCOS WITH HOT MILK","40.00",True,"2025-04-16 19:14:27.954981+05:30"
750,25,"FRESH AND HONEST CAFÉ","QUICK BITES","CORN FLAKES WITH COLD MILK","40.00",True,"2025-04-16 19:14:27.954981+05:30"
751,25,"FRESH AND HONEST CAFÉ","QUICK BITES","CORN FLAKES WITH HOT MILK","40.00",True,"2025-04-16 19:14:27.954981+05:30"
752,25,"FRESH AND HONEST CAFÉ","SNACKS","ALOO SAMOSA","15.00",True,"2025-04-16 19:14:27.954981+05:30"
753,25,"FRESH AND HONEST CAFÉ","SNACKS","NOODLES SAMOSA","20.00",True,"2025-04-16 19:14:27.954981+05:30"
754,25,"FRESH AND HONEST CAFÉ","SNACKS","VEG PUFF","15.00",True,"2025-04-16 19:14:27.954981+05:30"
755,25,"FRESH AND HONEST CAFÉ","SNACKS","EGG PUFF","20.00",True,"2025-04-16 19:14:27.954981+05:30"
756,25,"FRESH AND HONEST CAFÉ","TEA","CHENNAI MASALA TEA","20.00",True,"2025-04-16 19:14:27.954981+05:30"
757,25,"FRESH AND HONEST CAFÉ","TEA","FRESH GINGER TEA","20.00",True,"2025-04-16 19:14:27.954981+05:30"
758,25,"FRESH AND HONEST CAFÉ","TEA","MINI TEA","12.00",True,"2025-04-16 19:14:27.954981+05:30"
759,25,"FRESH AND HONEST CAFÉ","TEA","LEMON TEA","15.00",True,"2025-04-16 19:14:27.954981+05:30"
760,25,"FRESH AND HONEST CAFÉ","COFFEE","SOUTH INDIAN FILTER COFFEE","20.00",True,"2025-04-16 19:14:27.954981+05:30"
761,25,"FRESH AND HONEST CAFÉ","COFFEE","SUKKU COFFEE","20.00",True,"2025-04-16 19:14:27.954981+05:30"
762,25,"FRESH AND HONEST CAFÉ","COFFEE","COFFEE","18.00",True,"2025-04-16 19:14:27.954981+05:30"
763,25,"FRESH AND HONEST CAFÉ","COFFEE","COFFEE MINI","12.00",True,"2025-04-16 19:14:27.954981+05:30"
764,26,"SHAKES AND DESSERTS","BOBA BUBBLE SHAKE","VANILLA BUBBLE","130.00",True,"2025-04-16 19:14:27.954981+05:30"
765,26,"SHAKES AND DESSERTS","BOBA BUBBLE SHAKE","COLD COFFEE BUBBLE","140.00",True,"2025-04-16 19:14:27.954981+05:30"
766,26,"SHAKES AND DESSERTS","BOBA BUBBLE SHAKE","BUTTERSCOTCH BUBBLE","140.00",True,"2025-04-16 19:14:27.954981+05:30"
767,26,"SHAKES AND DESSERTS","BOBA BUBBLE SHAKE","MANGO BUBBLE","140.00",True,"2025-04-16 19:14:27.954981+05:30"
768,26,"SHAKES AND DESSERTS","WAFFLES","DEATH BY NUTELLA","120.00",True,"2025-04-16 19:14:27.954981+05:30"
769,26,"SHAKES AND DESSERTS","WAFFLES","KIT KAT WAFFLE","120.00",True,"2025-04-16 19:14:27.954981+05:30"
770,26,"SHAKES AND DESSERTS","WAFFLES","BELGIUM CHOCO FANTASY (WITH ICE CREAM)","150.00",True,"2025-04-16 19:14:27.954981+05:30"
771,26,"SHAKES AND DESSERTS","WAFFLES","DOUBLE CHOCOLATE","150.00",True,"2025-04-16 19:14:27.954981+05:30"
772,26,"SHAKES AND DESSERTS","ICE CREAM DESSERTS","MEXICAN BROWNIE","70.00",True,"2025-04-16 19:14:27.954981+05:30"
773,26,"SHAKES AND DESSERTS","ICE CREAM DESSERTS","CHOCOLATE FUDGE","70.00",True,"2025-04-16 19:14:27.954981+05:30"
774,26,"SHAKES AND DESSERTS","ICE CREAM DESSERTS","DEATH BY CHOCOLATE","90.00",True,"2025-04-16 19:14:27.954981+05:30"
775,26,"SHAKES AND DESSERTS","ICE CREAM DESSERTS","BROWNIE OVER LOAD","90.00",True,"2025-04-16 19:14:27.954981+05:30"
776,26,"SHAKES AND DESSERTS","HOT CHOCOLATE","HOT CHOCOLATE DRINK","50.00",True,"2025-04-16 19:14:27.954981+05:30"
777,26,"SHAKES AND DESSERTS","HOT CHOCOLATE","LAVA CAKE","60.00",True,"2025-04-16 19:14:27.954981+05:30"
778,26,"SHAKES AND DESSERTS","HOT CHOCOLATE","HOT CHOCOLATE BROWNIE","80.00",True,"2025-04-16 19:14:27.954981+05:30"
779,26,"SHAKES AND DESSERTS","HOT CHOCOLATE","HOT CHOCOLATE FUDGE","80.00",True,"2025-04-16 19:14:27.954981+05:30"
780,27,"EVERGREEN KA PADOSI","JUICE COMBINATION TO CLEANSE AND DIGESTION","APPLE CIDER (APPLE+ORANGE+LEMON)","60.00",True,"2025-04-16 19:14:27.954981+05:30"
781,27,"EVERGREEN KA PADOSI","JUICE COMBINATION TO CLEANSE AND DIGESTION","GREEN PANTHER (MOSAMBI+MINT+LEMON)","60.00",True,"2025-04-16 19:14:27.954981+05:30"
782,27,"EVERGREEN KA PADOSI","JUICE COMBINATION TO CLEANSE AND DIGESTION","ORANGE PUNCH (PINEAPPLE+ORANGE)","60.00",True,"2025-04-16 19:14:27.954981+05:30"
783,27,"EVERGREEN KA PADOSI","JUICE COMBINATION TO CLEANSE AND DIGESTION","FLOOSPARY FLOOPY (PINEAPPLE+MINT+LEMON)","60.00",True,"2025-04-16 19:14:27.954981+05:30"
784,27,"EVERGREEN KA PADOSI","HEALTH DRINKS","IRON BOOSTER","70.00",True,"2025-04-16 19:14:27.954981+05:30"
785,27,"EVERGREEN KA PADOSI","HEALTH DRINKS","WEIGHT LOSS","70.00",True,"2025-04-16 19:14:27.954981+05:30"
786,27,"EVERGREEN KA PADOSI","HEALTH DRINKS","RAPID RECOVERY","60.00",True,"2025-04-16 19:14:27.954981+05:30"
787,27,"EVERGREEN KA PADOSI","NUT SHAKES","DRY FRUIT MIX","70.00",True,"2025-04-16 19:14:27.954981+05:30"
788,27,"EVERGREEN KA PADOSI","NUT SHAKES","CASHEW","50.00",True,"2025-04-16 19:14:27.954981+05:30"
789,27,"EVERGREEN KA PADOSI","NUT SHAKES","BADAM","50.00",True,"2025-04-16 19:14:27.954981+05:30"
790,27,"EVERGREEN KA PADOSI","NUT SHAKES","PISTA","50.00",True,"2025-04-16 19:14:27.954981+05:30"
791,27,"EVERGREEN KA PADOSI","MALBA","TENDER MALBA","80.00",True,"2025-04-16 19:14:27.954981+05:30"
792,27,"EVERGREEN KA PADOSI","MALBA","CHIKKU MALBA","80.00",True,"2025-04-16 19:14:27.954981+05:30"
793,27,"EVERGREEN KA PADOSI","MALBA","APPLE MALBA","80.00",True,"2025-04-16 19:14:27.954981+05:30"
794,27,"EVERGREEN KA PADOSI","MALBA","BUTTER MALBA","90.00",True,"2025-04-16 19:14:27.954981+05:30"
